ID,TargetRLF1,TargetR1F1,TargetLLM
ID_TS_Aka_Gha_A3B1799D,GBV ano ma,GBV ano ma,GBV ano ma
ID_TS_Aka_Gha_1C80317F,mu aba?,mu aba?,mu aba?
ID_TS_Aka_Gha_06671AD1,.,.,.
ID_TS_Aka_Gha_BDD640FB,?,?,?
ID_TS_Aka_Gha_46685257,mu,mu,mu
ID_TS_Aka_Gha_3EB13B90,a,a,a
ID_TS_Aka_Gha_392456DE,?,?,?
ID_TS_Aka_Gha_23B8C1E9,?,?,?
ID_TS_Aka_Gha_BC8960A9,?,?,?
ID_TS_Aka_Gha_1A3D1FA7,mu?,mu?,mu?
ID_TS_Aka_Gha_AD3C2D6D,?,?,?
ID_TS_Aka_Gha_BD9C66B3,?,?,?
ID_TS_Aka_Gha_E465E150,?,?,?
ID_TS_Aka_Gha_8B9D2434,?,?,?
ID_TS_Aka_Gha_16419F82,no?,no?,no?
ID_TS_Aka_Gha_972A8469,mu?,mu?,mu?
ID_TS_Aka_Gha_6C031199,?,?,?
ID_TS_Aka_Gha_0822E8F3,?,?,?
ID_TS_Aka_Gha_07A0CA6E,ho?,ho?,ho?
ID_TS_Aka_Gha_17FC695A,.,.,.
ID_TS_Aka_Gha_37F8A88B,nkitahodi mu?,nkitahodi mu?,nkitahodi mu?
ID_TS_Aka_Gha_3B8FAA18,?,?,?
ID_TS_Aka_Gha_815EF6D1,. .,. .,. .
ID_TS_Aka_Gha_9A1DE644,.,.,.
ID_TS_Aka_Gha_06CB0FB3,?,?,?
ID_TS_Aka_Gha_8FADC1A6,?,?,?
ID_TS_Aka_Gha_32E70629,?,?,?
ID_TS_Aka_Gha_B74D0FB1,?,?,?
ID_TS_Aka_Gha_A65ED389,?,?,?
ID_TS_Aka_Gha_B38A088C,mu?,mu?,mu?
ID_TS_Aka_Gha_8B8148F6,?,?,?
ID_TS_Aka_Gha_6B65A6A4,?,?,?
ID_TS_Aka_Gha_386ECBE0,?,?,?
ID_TS_Aka_Gha_72FF5D2A,,,
ID_TS_Aka_Gha_96DA1DAC,?,?,?
ID_TS_Aka_Gha_47378190,mu?,mu?,mu?
ID_TS_Aka_Gha_CF36D58B,mu,mu,mu
ID_TS_Aka_Gha_DE8A774B,. .,. .,. .
ID_TS_Aka_Gha_01A9E71F,?,?,?
ID_TS_Aka_Gha_C241330B,no so?,no so?,no so?
ID_TS_Aka_Gha_CE4A2BBD,.,.,.
ID_TS_Aka_Gha_28DF6EC4,.,.,.
ID_TS_Aka_Gha_B2B9437A,,,
ID_TS_Aka_Gha_6C307511,.,.,.
ID_TS_Aka_Gha_571AA876,. .,. .,. .
ID_TS_Aka_Gha_47229389,?,?,?
ID_TS_Aka_Gha_27CD8130,?,?,?
ID_TS_Aka_Gha_371ECD7B,?,?,?
ID_TS_Aka_Gha_F50BEA63,,,
ID_TS_Aka_Gha_C37459EE,?,?,?
ID_TS_Aka_Gha_562B0F79,?,?,?
ID_TS_Aka_Gha_1A2A73ED,?,?,?
ID_TS_Aka_Gha_17BE3111,.,.,.
ID_TS_Aka_Gha_6142EA7D,?,?,?
ID_TS_Aka_Gha_18C26797,?e锘,?e锘,?e锘
ID_TS_Aka_Gha_5BE6128E,?,?,?
ID_TS_Aka_Gha_D8F56413,(video),(video),(video)
ID_TS_Aka_Gha_580D7B71,?,?,?
ID_TS_Aka_Gha_9A8DCA03,. .,. .,. .
ID_TS_Aka_Gha_43B7A3A6,.,.,.
ID_TS_Aka_Gha_CE9FF57F,?,?,?
ID_TS_Aka_Gha_0B1F9163,'advocates','advocates','advocates'
ID_TS_Aka_Gha_BACFB3D0,?,?,?
ID_TS_Aka_Gha_759CDE66,?,?,?
ID_TS_Aka_Gha_89463E85,?,?,?
ID_TS_Aka_Gha_1FF49B78,?,?,?
ID_TS_Aka_Gha_F91E1D4C,.,.,.
ID_TS_Aka_Gha_EC1B8CA1,.,.,.
ID_TS_Aka_Gha_60E7A113,?,?,?
ID_TS_Aka_Gha_142C3FE8,?,?,?
ID_TS_Aka_Gha_8D5288F1,ho?,ho?,ho?
ID_TS_Aka_Gha_4B0DBB41,?,?,?
ID_TS_Aka_Gha_D453DD32,no so,no so,no so
ID_TS_Aka_Gha_A0EE89AE,?,?,?
ID_TS_Aka_Gha_9E574F7A,so no?,so no?,so no?
ID_TS_Aka_Gha_E2ACF72F,?,?,?
ID_TS_Aka_Gha_DC98D2C1,?,?,?
ID_TS_Aka_Gha_5C941CF0,?,?,?
ID_TS_Aka_Gha_93CD59BF,?,?,?
ID_TS_Aka_Gha_3139D32C,?,?,?
ID_TS_Aka_Gha_B45ED1F0,?,?,?
ID_TS_Aka_Gha_11CE5DD2,a,a,a
ID_TS_Aka_Gha_0BBB2599,so?,so?,so?
ID_TS_Aka_Gha_A9488D99,?,?,?
ID_TS_Aka_Gha_3A578A8E,.,.,.
ID_TS_Aka_Gha_C5E7CE8A,?,?,?
ID_TS_Aka_Gha_4A15544D,.,.,.
ID_TS_Aka_Gha_FC377A4C,?,?,?
ID_TS_Aka_Gha_146D3F31,hɔ?,hɔ?,hɔ?
ID_TS_Aka_Gha_DAF61A26,?,?,?
ID_TS_Aka_Gha_3B982EF8,?,?,?
ID_TS_Aka_Gha_DDD1DFB2,nteaseɛ mu?,nteaseɛ mu?,nteaseɛ mu?
ID_TS_Aka_Gha_19DB3AD0,?,?,?
ID_TS_Aka_Gha_614FF3D7,.,.,.
ID_TS_Aka_Gha_47294739,ho?,ho?,ho?
ID_TS_Aka_Gha_7412B293,.,.,.
ID_TS_Aka_Gha_A2BC372F,?,?,?
ID_TS_Aka_Gha_D58842DE,?,?,?
ID_TS_Aka_Gha_5D65A441,?,?,?
ID_TS_Aka_Gha_29A3B2E9,. .,. .,. .
ID_TS_Aka_Gha_5EC42E08,,,
ID_TS_Aka_Gha_5AF30553,?,?,?
ID_TS_Aka_Gha_35A240AE,mu?,mu?,mu?
ID_TS_Aka_Gha_AB9099A4,?,?,?
ID_TS_Aka_Gha_4458A885,?,?,?
ID_TS_Aka_Gha_B3AA7EFE,nsɛm,nsɛm,nsɛm
ID_TS_Aka_Gha_EFC89849,?,?,?
ID_TS_Aka_Gha_AEFCFAD8,?,?,?
ID_TS_Aka_Gha_A5E5A5AB,ho mu?,ho mu?,ho mu?
ID_TS_Aka_Gha_12476F57,?,?,?
ID_TS_Aka_Gha_9BF00273,?,?,?
ID_TS_Aka_Gha_A28DEFE3,?,?,?
ID_TS_Aka_Gha_2BCFBE01,?,?,?
ID_TS_Aka_Gha_88BD6407,mu?,mu?,mu?
ID_TS_Aka_Gha_BAA80DD4,?,?,?
ID_TS_Aka_Gha_3EABEDCB,?,?,?
ID_TS_Aka_Gha_29D4BEEF,. .,. .,. .
ID_TS_Aka_Gha_7656AF72,?,?,?
ID_TS_Aka_Gha_6123FDF7,?,?,?
ID_TS_Aka_Gha_451B4CF3,?,?,?
ID_TS_Aka_Gha_FD5166E6,?,?,?
ID_TS_Aka_Gha_ECE66FA2,?,?,?
ID_TS_Aka_Gha_A3D70628,.,.,.
ID_TS_Aka_Gha_B02B61C4,mu,mu,mu
ID_TS_Aka_Gha_8E944239,?,?,?
ID_TS_Aka_Gha_3838B326,?,?,?
ID_TS_Aka_Gha_AF42E12F,?,?,?
ID_TS_Aka_Gha_5304317F,?,?,?
ID_TS_Aka_Gha_D7C524A5,?e蝾,?e蝾,?e蝾
ID_TS_Aka_Gha_C4B032CC,?,?,?
ID_TS_Aka_Gha_C6A7EE39,?,?,?
ID_TS_Aka_Gha_0E51F30D,. .,. .,. .
ID_TS_Aka_Gha_3AA2E4F9,,,
ID_TS_Aka_Gha_D261A7AB,.,.,.
ID_TS_Aka_Gha_0837B8A3,?,?,?
ID_TS_Aka_Gha_CE177B4E,?,?,?
ID_TS_Aka_Gha_50C187FC,,,
ID_TS_Aka_Gha_66B2BC5B,?,?,?
ID_TS_Aka_Gha_448AAA9E,ho?,ho?,ho?
ID_TS_Aka_Gha_10F1BC81,?,?,?
ID_TS_Aka_Gha_3602F8AC,?,?,?
ID_TS_Aka_Gha_E9C349E0,mu?,mu?,mu?
ID_TS_Aka_Gha_F16287E4,mu?,mu?,mu?
ID_TS_Aka_Gha_9132B63E,?,?,?
ID_TS_Aka_Gha_E059A0EE,.,.,.
ID_TS_Aka_Gha_B7C93ACF,?,?,?
ID_TS_Aka_Gha_508EBAD7,?,?,?
ID_TS_Aka_Gha_366EB16F,?,?,?
ID_TS_Aka_Gha_A7CAD415,?,?,?
ID_TS_Aka_Gha_7FCD9EB1,?,?,?
ID_TS_Aka_Gha_654821D0,.,.,.
ID_TS_Aka_Gha_E27A984D,?,?,?
ID_TS_Aka_Gha_EA1FCA65,?,?,?
ID_TS_Aka_Gha_A491F0B2,?,?,?
ID_TS_Aka_Gha_757750A9,ho,ho,ho
ID_TS_Aka_Gha_24933B83,?,?,?
ID_TS_Aka_Gha_43CF2FDE,,,
ID_TS_Aka_Gha_23BED01D,?,?,?
ID_TS_Aka_Gha_3F22FAF8,. .,. .,. .
ID_TS_Aka_Gha_BEB79919,.,.,.
ID_TS_Aka_Gha_8FB5D27B,no?,no?,no?
ID_TS_Aka_Gha_89FA6A68,?,?,?
ID_TS_Aka_Gha_434308BC,?,?,?
ID_TS_Aka_Gha_BF3C4C06,?,?,?
ID_TS_Aka_Gha_95A76D79,nneɛma bi,nneɛma bi,nneɛma bi
ID_TS_Aka_Gha_6DADD6C7,?,?,?
ID_TS_Aka_Gha_E5D7B875,?,?,?
ID_TS_Aka_Gha_956269F0,?,?,?
ID_TS_Aka_Gha_663F1C97,a HIV,a HIV,a HIV
ID_TS_Aka_Gha_5CABCC97,?,?,?
ID_TS_Aka_Gha_382567B8,?,?,?
ID_TS_Aka_Gha_FF50BDE4,?,?,?
ID_TS_Aka_Gha_FF5E9FF0,?,?,?
ID_TS_Aka_Gha_2369B584,?,?,?
ID_TS_Aka_Gha_827050A8,?,?,?
ID_TS_Aka_Gha_7E570DDF,so?,so?,so?
ID_TS_Aka_Gha_1745D6D8,?,?,?
ID_TS_Aka_Gha_C17AF08A,.,.,.
ID_TS_Aka_Gha_0C0FD195,?,?,?
ID_TS_Aka_Gha_DC713D96,.,.,.
ID_TS_Aka_Gha_1C11F735,?,?,?
ID_TS_Aka_Gha_27209BDF,a ho hia,a ho hia,a ho hia
ID_TS_Aka_Gha_A0A04DC4,ho?,ho?,ho?
ID_TS_Aka_Gha_28F49481,?,?,?
ID_TS_Aka_Gha_CAC5B68C,?,?,?
ID_TS_Aka_Gha_AE340454,adi,adi,adi
ID_TS_Aka_Gha_6C12ACE8,.,.,.
ID_TS_Aka_Gha_98AE4334,?,?,?
ID_TS_Aka_Gha_10435A10,?,?,?
ID_TS_Aka_Gha_62801C45,?,?,?
ID_TS_Aka_Gha_61B1CD22,?,?,?
ID_TS_Aka_Gha_988C24C9,?,?,?
ID_TS_Aka_Gha_FF01CF99,?,?,?
ID_TS_Aka_Gha_77D21E02,no so?,no so?,no so?
ID_TS_Aka_Gha_877409A9,?,?,?
ID_TS_Aka_Gha_405CACEC,'CSE','CSE','CSE'
ID_TS_Aka_Gha_F89897B9,?,?,?
ID_TS_Aka_Gha_8DA0365B,?,?,?
ID_TS_Aka_Gha_DC5C0EED,?,?,?
ID_TS_Aka_Gha_F143262F,.,.,.
ID_TS_Aka_Gha_02F06B90,mu?,mu?,mu?
ID_TS_Aka_Gha_AE270DA7,?,?,?
ID_TS_Aka_Gha_B88139B9,.,.,.
ID_TS_Aka_Gha_1D53434B,?,?,?
ID_TS_Aka_Gha_AE849217,,,
ID_TS_Aka_Gha_E2817EFD,?,?,?
ID_TS_Aka_Gha_8976E334,?,?,?
ID_TS_Aka_Gha_C0398710,mu,mu,mu
ID_TS_Aka_Gha_444EA7C8,?,?,?
ID_TS_Aka_Gha_C4C2E2E3,no?,no?,no?
ID_TS_Aka_Gha_A4161293,.,.,.
ID_TS_Aka_Gha_5715BD6F,mu?,mu?,mu?
ID_TS_Aka_Gha_1C8EAEE9,mu?,mu?,mu?
ID_TS_Aka_Gha_4B22D308,.,.,.
ID_TS_Aka_Gha_6F4CC69A,nneɛma yi ho?,nneɛma yi ho?,nneɛma yi ho?
ID_TS_Aka_Gha_287D06CA,?,?,?
ID_TS_Aka_Gha_74273CA3,?,?,?
ID_TS_Aka_Gha_00D4AF59,?,?,?
ID_TS_Aka_Gha_F42D47CC,(GBV)),(GBV)),(GBV))
ID_TS_Aka_Gha_B8DB0672,?,?,?
ID_TS_Aka_Gha_E037E5ED,?,?,?
ID_TS_Aka_Gha_B83CFE0B,?,?,?
ID_TS_Aka_Gha_436D76E2,?,?,?
ID_TS_Aka_Gha_F8CDA88B,.,.,.
ID_TS_Aka_Gha_8026695F,,,
ID_TS_Aka_Gha_C30FF46E,?,?,?
ID_TS_Aka_Gha_2DBC2134,?,?,?
ID_TS_Aka_Gha_81F76D1C,no,no,no
ID_TS_Aka_Gha_E9A1FA6F,?,?,?
ID_TS_Aka_Gha_1B3DBD5C,a,a,a
ID_TS_Aka_Gha_DEDA4E16,?,?,?
ID_TS_Aka_Gha_A013AC6E,.,.,.
ID_TS_Aka_Gha_4C66E0A8,?,?,?
ID_TS_Aka_Gha_D777A477,?,?,?
ID_TS_Aka_Gha_A39231A7,?,?,?
ID_TS_Aka_Gha_81F631D4,?,?,?
ID_TS_Aka_Gha_9BE578C7,,,
ID_TS_Aka_Gha_32EBD689,nne,nne,nne
ID_TS_Aka_Gha_2720797D,a?,a?,a?
ID_TS_Aka_Gha_5FB8D16C,?,?,?
ID_TS_Aka_Gha_C333E861,.,.,.
ID_TS_Aka_Gha_295B4715,ho?,ho?,ho?
ID_TS_Aka_Gha_8A14BE62,?,?,?
ID_TS_Aka_Gha_F4188F3F,.,.,.
ID_TS_Aka_Gha_C754108F,.,.,.
ID_TS_Aka_Gha_EC24A3C5,ho?,ho?,ho?
ID_TS_Aka_Gha_87C5421E,.,.,.
ID_TS_Aka_Gha_EB2263DD,nteaseɛ?,nteaseɛ?,nteaseɛ?
ID_TS_Aka_Gha_00257AD1,.,.,.
ID_TS_Aka_Gha_99546EB4,?,?,?
ID_TS_Aka_Gha_52FBE43B,?,?,?
ID_TS_Aka_Gha_7D154385,?,?,?
ID_TS_Aka_Gha_04FC6D82,?,?,?
ID_TS_Aka_Gha_1CA35CFB,?,?,?
ID_TS_Aka_Gha_EDD96831,?,?,?
ID_TS_Aka_Gha_5CEC4EB5,?,?,?
ID_TS_Aka_Gha_E0F3EAB0,.,.,.
ID_TS_Aka_Gha_FC3E058B,mu,mu,mu
ID_TS_Aka_Gha_D4E80839,mu,mu,mu
ID_TS_Aka_Gha_CE88CB2D,?,?,?
ID_TS_Aka_Gha_4EB93EFF,?,?,?
ID_TS_Aka_Gha_3D4CBF37,?,?,?
ID_TS_Aka_Gha_0ED42F1A,?,?,?
ID_TS_Aka_Gha_3DA9C2A9,,,
ID_TS_Aka_Gha_E0C53CB8,?,?,?
ID_TS_Aka_Gha_913E4DE2,,,
ID_TS_Aka_Gha_F26B4776,mu?,mu?,mu?
ID_TS_Aka_Gha_14296C07,?,?,?
ID_TS_Aka_Gha_15ED6269,.,.,.
ID_TS_Aka_Gha_BB5E4BCF,?,?,?
ID_TS_Aka_Gha_7C69DEE1,?,?,?
ID_TS_Aka_Gha_D0E6E660,,,
ID_TS_Aka_Gha_11B7E948,?,?,?
ID_TS_Aka_Gha_FA5D3100,?,?,?
ID_TS_Aka_Gha_C2B6D2C5,?,?,?
ID_TS_Aka_Gha_885F6E66,a adwo,a adwo,a adwo
ID_TS_Aka_Gha_C40DB9B4,mu?,mu?,mu?
ID_TS_Aka_Gha_2031D750,'SHR','SHR','SHR'
ID_TS_Aka_Gha_20DE435D,?,?,?
ID_TS_Aka_Gha_A8E56E0C,?,?,?
ID_TS_Aka_Gha_79AC1B1E,?,?,?
ID_TS_Aka_Gha_F264ACCC,?,?,?
ID_TS_Aka_Gha_8CBFEDB0,?,?,?
ID_TS_Aka_Gha_2A45C2AB,?,?,?
ID_TS_Aka_Gha_43DAC043,?,?,?
ID_TS_Aka_Gha_8715A103,.,.,.
ID_TS_Aka_Gha_DF57C59A,.,.,.
ID_TS_Aka_Gha_9B49BD26,a wobehu,a wobehu,a wobehu
ID_TS_Aka_Gha_6C52C49F,nsɛnnennen,nsɛnnennen,nsɛnnennen
ID_TS_Aka_Gha_F6E07CC0,.,.,.
ID_TS_Aka_Gha_36386821,?,?,?
ID_TS_Aka_Gha_EDCD465E,.,.,.
ID_TS_Aka_Gha_8A0F4EFB,mu?,mu?,mu?
ID_TS_Aka_Gha_C1590F53,.,.,.
ID_TS_Aka_Gha_BADCC32A,?,?,?
ID_TS_Aka_Gha_B09B2A5C,?,?,?
ID_TS_Aka_Gha_337EA2DF,a ɛmma wɔde so,a ɛmma wɔde so,a ɛmma wɔde so
ID_TS_Aka_Gha_B683D2E6,a mehu?,a mehu?,a mehu?
ID_TS_Aka_Gha_4FCCA39A,?,?,?
ID_TS_Aka_Gha_66245BFA,?,?,?
ID_TS_Aka_Gha_FEC21BBE,,,
ID_TS_Aka_Gha_ABF3AD39,?,?,?
ID_TS_Aka_Gha_A65E688E,?,?,?
ID_TS_Aka_Gha_5F987C71,.,.,.
ID_TS_Aka_Gha_702753A1,,,
ID_TS_Aka_Gha_E64D1BCB,?e蝾,?e蝾,?e蝾
ID_TS_Aka_Gha_847FD9B4,?,?,?
ID_TS_Aka_Gha_7394988F,?,?,?
ID_TS_Aka_Gha_1EFA2197,?,?,?
ID_TS_Aka_Gha_3F76BE1D,?,?,?
ID_TS_Aka_Gha_3985C3CF,.,.,.
ID_TS_Aka_Gha_1064005C,?,?,?
ID_TS_Aka_Gha_568CC69B,?,?,?
ID_TS_Aka_Gha_05628059,?,?,?
ID_TS_Aka_Gha_969B6662,?,?,?
ID_TS_Aka_Gha_8DCDCD03,?,?,?
ID_TS_Aka_Gha_3AE8CC93,?,?,?
ID_TS_Aka_Gha_96A402F2,?,?,?
ID_TS_Aka_Gha_38602AB6,?,?,?
ID_TS_Aka_Gha_01D74256,?,?,?
ID_TS_Aka_Gha_122C9A56,no?,no?,no?
ID_TS_Aka_Gha_B535106E,.,.,.
ID_TS_Aka_Gha_A18FF6B6,?,?,?
ID_TS_Aka_Gha_0F1259E0,mu?,mu?,mu?
ID_TS_Aka_Gha_3A9BEDD4,a?,a?,a?
ID_TS_Aka_Gha_114125C6,?,?,?
ID_TS_Aka_Gha_E7C99B26,?,?,?
ID_TS_Aka_Gha_080AADFB,?,?,?
ID_TS_Aka_Gha_DC1110C1,?,?,?
ID_TS_Aka_Gha_5496F63C,?,?,?
ID_TS_Aka_Gha_1223B513,?,?,?
ID_TS_Aka_Gha_839FBC50,,,
ID_TS_Aka_Gha_3CEDDF2D,mu,mu,mu
ID_TS_Aka_Gha_474A493B,no mu?,no mu?,no mu?
ID_TS_Aka_Gha_AB4220A7,?,?,?
ID_TS_Aka_Gha_7C441FE7,mu?,mu?,mu?
ID_TS_Aka_Gha_36D8393A,?,?,?
ID_TS_Aka_Gha_8A0B3C33,?,?,?
ID_TS_Aka_Gha_21DF306F,?,?,?
ID_TS_Aka_Gha_B92DA22B,?,?,?
ID_TS_Aka_Gha_EF7DDC76,?,?,?
ID_TS_Aka_Gha_E1E3DB63,?,?,?
ID_TS_Aka_Gha_922FE15A,?,?,?
ID_TS_Aka_Gha_93829B43,?,?,?
ID_TS_Aka_Gha_7900F7F9,,,
ID_TS_Aka_Gha_3E351128,.,.,.
ID_TS_Aka_Gha_C8DCD19F,?,?,?
ID_TS_Aka_Gha_7914C120,?,?,?
ID_TS_Aka_Gha_CEB81F9D,,,
ID_TS_Aka_Gha_683514F2,no?,no?,no?
ID_TS_Aka_Gha_30BEB45F,?,?,?
ID_TS_Aka_Gha_1825BC54,?,?,?
ID_TS_Aka_Gha_18D0752B,?,?,?
ID_TS_Aka_Gha_A8B317FA,?,?,?
ID_TS_Aka_Gha_6E595ED3,(SRH)?,(SRH)?,(SRH)?
ID_TS_Aka_Gha_5AB33EDF,?,?,?
ID_TS_Aka_Gha_6C6FA611,?,?,?
ID_TS_Aka_Gha_693DFFBC,?,?,?
ID_TS_Aka_Gha_778EEDB3,?,?,?
ID_TS_Aka_Gha_DD2467AC,GBV ano,GBV ano,GBV ano
ID_TS_Aka_Gha_BAA4B71A,?e,?e,?e
ID_TS_Aka_Gha_0DDE29A6,?,?,?
ID_TS_Aka_Gha_AC619E63,?,?,?
ID_TS_Aka_Gha_A748DBCF,?,?,?
ID_TS_Aka_Gha_FBF24050,?,?,?
ID_TS_Aka_Gha_A56C0941,?,?,?
ID_TS_Aka_Gha_1931E9EE,?,?,?
ID_TS_Aka_Gha_0F844FEF,no?,no?,no?
ID_TS_Aka_Gha_6712303A,?,?,?
ID_TS_Aka_Gha_BA6C34AB,.,.,.
ID_TS_Aka_Gha_56DC8907,?,?,?
ID_TS_Aka_Gha_CCF3A171,?,?,?
ID_TS_Aka_Gha_DC96925E,?,?,?
ID_TS_Aka_Gha_1BF90E27,?,?,?
ID_TS_Aka_Gha_3FA7F104,.,.,.
ID_TS_Aka_Gha_310C0C00,?,?,?
ID_TS_Aka_Gha_30B187EF,.,.,.
ID_TS_Aka_Gha_894A05E4,?,?,?
ID_TS_Aka_Gha_72D8567D,?,?,?
ID_TS_Aka_Gha_23E2FCB4,,,
ID_TS_Aka_Gha_6C006F61,?,?,?
ID_TS_Aka_Gha_2EF91276,a,a,a
ID_TS_Aka_Gha_474EBC19,?,?,?
ID_TS_Aka_Gha_766ECB15,.,.,.
ID_TS_Aka_Gha_3FF350BF,,,
ID_TS_Aka_Gha_DFDE4FBF,?,?,?
ID_TS_Aka_Gha_EC5B227C,a,a,a
ID_TS_Aka_Gha_134C6C92,?,?,?
ID_TS_Aka_Gha_71710434,?,?,?
ID_TS_Aka_Gha_CEDA8BBB,?,?,?
ID_TS_Aka_Gha_DC815FE7,de sika fam mmoa,de sika fam mmoa,de sika fam mmoa
ID_TS_Aka_Gha_DB20A56E,.,.,.
ID_TS_Aka_Gha_8CE21EA3,pa a wonnya nni mu,pa a wonnya nni mu,pa a wonnya nni mu
ID_TS_Aka_Gha_19108BE5,.,.,.
ID_TS_Aka_Gha_0CF35B58,?,?,?
ID_TS_Aka_Gha_A6F2F7B8,?,?,?
ID_TS_Aka_Gha_FFD0F9D5,?,?,?
ID_TS_Aka_Gha_8A63F881,,,
ID_TS_Aka_Gha_D605E770,?,?,?
ID_TS_Aka_Gha_03C72BA8,?,?,?
ID_TS_Aka_Gha_F8102383,?,?,?
ID_TS_Aka_Gha_17E011B7,mu?,mu?,mu?
ID_TS_Aka_Gha_ED2662E9,,,
ID_TS_Aka_Gha_C0E9AB30,ho?,ho?,ho?
ID_TS_Aka_Gha_D9441FA5,nneɛma,nneɛma,nneɛma
ID_TS_Aka_Gha_3C835DC0,mu?,mu?,mu?
ID_TS_Aka_Gha_2A935D62,(data),(data),(data)
ID_TS_Aka_Gha_680AC07A,?,?,?
ID_TS_Aka_Gha_7C52FA17,?,?,?
ID_TS_Aka_Gha_7B3A4E3E,no?,no?,no?
ID_TS_Aka_Gha_36B82481,mu?,mu?,mu?
ID_TS_Aka_Gha_DD59BA71,?,?,?
ID_TS_Aka_Gha_66AA9385,?,?,?
ID_TS_Aka_Gha_E7067EF4,. .,. .,. .
ID_TS_Aka_Gha_0F02BAD0,mu?,mu?,mu?
ID_TS_Aka_Gha_2A25A888,?,?,?
ID_TS_Aka_Gha_610461E3,mu?,mu?,mu?
ID_TS_Aka_Gha_008D4127,mu?,mu?,mu?
ID_TS_Aka_Gha_FC3D3348,?,?,?
ID_TS_Aka_Gha_63F2AE24,no?,no?,no?
ID_TS_Aka_Gha_43E458FC,?,?,?
ID_TS_Aka_Gha_ED3049CF,no mu?,no mu?,no mu?
ID_TS_Aka_Gha_C8B8D9C6,?,?,?
ID_TS_Aka_Gha_C8FE3CCD,mu,mu,mu
ID_TS_Aka_Gha_747B6DBA,?,?,?
ID_TS_Aka_Gha_490617F2,mu?,mu?,mu?
ID_TS_Aka_Gha_6C4A37EA,?,?,?
ID_TS_Aka_Gha_B253D218,no?,no?,no?
ID_TS_Aka_Gha_F512C4C3,?,?,?
ID_TS_Aka_Gha_BB026576,.,.,.
ID_TS_Aka_Gha_FED4057D,?,?,?
ID_TS_Aka_Gha_C88A618E,no?,no?,no?
ID_TS_Aka_Gha_8E46D534,.,.,.
ID_TS_Aka_Gha_A97065E1,?,?,?
ID_TS_Aka_Gha_B7E99ACA,mu?,mu?,mu?
ID_TS_Aka_Gha_7C967F79,mu?,mu?,mu?
ID_TS_Aka_Gha_27A0C3D7,?,?,?
ID_TS_Aka_Gha_309D258C,no?,no?,no?
ID_TS_Aka_Gha_4BF50B52,?,?,?
ID_TS_Aka_Gha_37BB3EEC,.,.,.
ID_TS_Aka_Gha_F7FD5646,.,.,.
ID_TS_Aka_Gha_0EF8C2D6,.,.,.
ID_TS_Aka_Gha_944528C0,.,.,.
ID_TS_Aka_Gha_BC594585,?,?,?
ID_TS_Aka_Gha_8ACD4E10,?,?,?
ID_TS_Aka_Gha_0F9AEA4B,a,a,a
ID_TS_Aka_Gha_BF7B539B,.,.,.
ID_TS_Aka_Gha_504867BA,.,.,.
ID_TS_Aka_Gha_0EA2622B,?,?,?
ID_TS_Aka_Gha_0CD620C2,?,?,?
ID_TS_Aka_Gha_958CA9BA,,,
ID_TS_Aka_Gha_7A0ECFEA,mu?,mu?,mu?
ID_TS_Aka_Gha_80BACD64,ho?,ho?,ho?
ID_TS_Aka_Gha_EB5CF467,?,?,?
ID_TS_Aka_Gha_DA4BD9CA,.,.,.
ID_TS_Aka_Gha_87F7E1FB,.,.,.
ID_TS_Aka_Gha_284D82E5,?,?,?
ID_TS_Aka_Gha_0E8FA8E0,.,.,.
ID_TS_Aka_Gha_F5F59B22,?,?,?
ID_TS_Aka_Gha_82010C62,?,?,?
ID_TS_Aka_Gha_14822F53,mu,mu,mu
ID_TS_Aka_Gha_D9F195D0,?,?,?
ID_TS_Aka_Gha_2F923996,.,.,.
ID_TS_Aka_Gha_118A9D29,no?,no?,no?
ID_TS_Aka_Gha_98543881,?,?,?
ID_TS_Aka_Gha_1165E210,?,?,?
ID_TS_Aka_Gha_ACDABACC,.,.,.
ID_TS_Aka_Gha_DCA02EEC,?,?,?
ID_TS_Aka_Gha_3C365296,?,?,?
ID_TS_Aka_Gha_675DD5AF,?,?,?
ID_TS_Aka_Gha_1EB0E38A,no?,no?,no?
ID_TS_Aka_Gha_F10C718B,nyarewa (STI),nyarewa (STI),nyarewa (STI)
ID_TS_Aka_Gha_E3E9DE99,nkyɛn,nkyɛn,nkyɛn
ID_TS_Aka_Gha_91D63F78,.,.,.
ID_TS_Aka_Gha_3F07F814,?,?,?
ID_TS_Aka_Gha_94340A03,.,.,.
ID_TS_Aka_Gha_98326856,?,?,?
ID_TS_Aka_Gha_0A2C827E,no?,no?,no?
ID_TS_Aka_Gha_9E8FC965,?,?,?
ID_TS_Aka_Gha_14FCDD54,?,?,?
ID_TS_Aka_Gha_6B5252E3,.,.,.
ID_TS_Aka_Gha_A8499B92,.,.,.
ID_TS_Aka_Gha_956B8C0C,?,?,?
ID_TS_Aka_Gha_90B2B633,.,.,.
ID_TS_Aka_Gha_85D51695,?,?,?
ID_TS_Aka_Gha_50FD9D3F,ho?,ho?,ho?
ID_TS_Aka_Gha_EF48E8D5,ho nimdeɛ,ho nimdeɛ,ho nimdeɛ
ID_TS_Aka_Gha_42C18A62,foforo,foforo,foforo
ID_TS_Aka_Gha_344A54B8,?,?,?
ID_TS_Aka_Gha_AB73295B,?eesnič,?eesnič,?eesnič
ID_TS_Aka_Gha_B758588D,?,?,?
ID_TS_Aka_Gha_506E5A9A,?,?,?
ID_TS_Amh_Eth_3D1A85DD,ላይ,ላይ,ላይ
ID_TS_Amh_Eth_43FF5011,ነው?,ነው?,ነው?
ID_TS_Amh_Eth_655238A6,።,።,።
ID_TS_Amh_Eth_21813D25,።,።,።
ID_TS_Amh_Eth_ABF3E3FC,።,።,።
ID_TS_Amh_Eth_A53F8A28,,,
ID_TS_Amh_Eth_4CCC9BC2,,,
ID_TS_Amh_Eth_750CAB75,,,
ID_TS_Amh_Eth_50F0FD0A,ላይ,ላይ,ላይ
ID_TS_Amh_Eth_EDD4253B,,,
ID_TS_Amh_Eth_C07A30F2,.,.,.
ID_TS_Amh_Eth_EF8C485B,.,.,.
ID_TS_Amh_Eth_12922F83,,,
ID_TS_Amh_Eth_02627F73,ላይ,ላይ,ላይ
ID_TS_Amh_Eth_75523327,?,?,?
ID_TS_Amh_Eth_9F044AED,.,.,.
ID_TS_Amh_Eth_FF9AB5C2,።,።,።
ID_TS_Amh_Eth_902059E4,የለኝም,የለኝም,የለኝም
ID_TS_Amh_Eth_FF002D4D,።,።,።
ID_TS_Amh_Eth_19985F15,,,
ID_TS_Amh_Eth_12C136E0,,,
ID_TS_Amh_Eth_89A2688B,,,
ID_TS_Amh_Eth_369147EB,።,።,።
ID_TS_Amh_Eth_8181A8CC,?,?,?
ID_TS_Amh_Eth_43E42CAF,.,.,.
ID_TS_Amh_Eth_21E8AC68,።,።,።
ID_TS_Amh_Eth_EEEA163E,"""","""",""""
ID_TS_Amh_Eth_5958A499,ላይ,ላይ,ላይ
ID_TS_Amh_Eth_E1805081,,,
ID_TS_Amh_Eth_119C4EA3,።,።,።
ID_TS_Amh_Eth_E117DAC3,,,
ID_TS_Amh_Eth_3E896C64,,,
ID_TS_Amh_Eth_5E9953D2,?,?,?
ID_TS_Amh_Eth_48F4EF12,.,.,.
ID_TS_Amh_Eth_286218B8,,,
ID_TS_Amh_Eth_702CDD20,,,
ID_TS_Amh_Eth_D5704F32,ላይ,ላይ,ላይ
ID_TS_Amh_Eth_8B10550C,,,
ID_TS_Amh_Eth_B41B3143,.,.,.
ID_TS_Amh_Eth_4D71C366,,,
ID_TS_Amh_Eth_9C96E9EC,?,?,?
ID_TS_Amh_Eth_FBDDCF7C,,,
ID_TS_Amh_Eth_FCBB4E59,.,.,.
ID_TS_Amh_Eth_CE9E1A11,።,።,።
ID_TS_Amh_Eth_A76AFDE6,,,
ID_TS_Amh_Eth_8768A84F,.,.,.
ID_TS_Amh_Eth_0200B1F0,.,.,.
ID_TS_Amh_Eth_AAF91531,,,
ID_TS_Amh_Eth_D12DBC9A,።,።,።
ID_TS_Amh_Eth_8DFA6A56,ላይ,ላይ,ላይ
ID_TS_Amh_Eth_4CA415EA,?,?,?
ID_TS_Amh_Eth_EE87905E,.,.,.
ID_TS_Amh_Eth_A9D3D7C7,።,።,።
ID_TS_Amh_Eth_1A84A51A,።,።,።
ID_TS_Amh_Eth_F05DB76E,,,
ID_TS_Amh_Eth_E0CCEDC5,ላይ,ላይ,ላይ
ID_TS_Amh_Eth_2260E70F,ላይ,ላይ,ላይ
ID_TS_Amh_Eth_43B409EF,?,?,?
ID_TS_Amh_Eth_1D8CBBAC,?,?,?
ID_TS_Amh_Eth_E3C43657,,,
ID_TS_Amh_Eth_1B66B5A9,ስም,ስም,ስም
ID_TS_Eng_Eth_BE0F051B,,,
ID_TS_Eng_Eth_35EBD32D,,,
ID_TS_Eng_Eth_B7B56EA7,?,?,?
ID_TS_Eng_Eth_A25D6B29,,,
ID_TS_Eng_Eth_DA587E8A,?,?,?
ID_TS_Eng_Eth_439472E6,,,
ID_TS_Eng_Eth_40497B71,,,
ID_TS_Eng_Eth_6C6F7633,,,
ID_TS_Eng_Eth_46D483F3,,,
ID_TS_Eng_Eth_0B49452D,,,
ID_TS_Eng_Eth_C56811CD,,,
ID_TS_Eng_Eth_217D65A0,,,
ID_TS_Eng_Eth_FAD409E2,,,
ID_TS_Eng_Eth_430F801D,,,
ID_TS_Eng_Eth_B4A69F3C,?,?,?
ID_TS_Eng_Eth_6D7CE3C9,,,
ID_TS_Eng_Eth_0279B6A6,,,
ID_TS_Eng_Eth_1CA3C448,,,
ID_TS_Eng_Eth_E21342B0,,,
ID_TS_Eng_Eth_B0E6A969,?,?,?
ID_TS_Eng_Eth_E767DCEA,,,
ID_TS_Eng_Eth_8BABCE3B,?,?,?
ID_TS_Eng_Eth_D5A804EB,,,
ID_TS_Eng_Eth_5E84F058,,,
ID_TS_Eng_Eth_951F58D0,,,
ID_TS_Eng_Eth_8D7248E2,,,
ID_TS_Eng_Eth_25E97977,,,
ID_TS_Eng_Eth_6E068097,,,
ID_TS_Eng_Eth_20A04502,?,?,?
ID_TS_Eng_Eth_CBCEABDE,,,
ID_TS_Eng_Eth_F8E1DAA7,?,?,?
ID_TS_Eng_Eth_5B9962C6,?,?,?
ID_TS_Eng_Eth_35C7936C,,,
ID_TS_Eng_Eth_5A8AAECA,,,
ID_TS_Eng_Eth_8F5486B7,,,
ID_TS_Eng_Eth_F94D6204,,,
ID_TS_Eng_Eth_9EE3AC2A,,,
ID_TS_Eng_Eth_BFDDC3D9,,,
ID_TS_Eng_Eth_DD56CC94,?,?,?
ID_TS_Eng_Eth_2999B735,,,
ID_TS_Eng_Eth_F9E8A369,,,
ID_TS_Eng_Eth_698C206F,,,
ID_TS_Eng_Eth_0658663A,,,
ID_TS_Eng_Eth_BC8F7D29,,,
ID_TS_Eng_Eth_550A1B46,,,
ID_TS_Eng_Eth_C84A7B28,,,
ID_TS_Eng_Eth_CD5F4822,,,
ID_TS_Eng_Eth_AB7F089A,,,
ID_TS_Eng_Eth_BC2CBB0D,,,
ID_TS_Eng_Eth_3F87E362,,,
ID_TS_Eng_Eth_444D610B,,,
ID_TS_Eng_Eth_1BAC27A7,,,
ID_TS_Eng_Eth_DBCCC477,.,.,.
ID_TS_Eng_Eth_787F2425,,,
ID_TS_Eng_Eth_EB1FA9F2,?,?,?
ID_TS_Eng_Eth_75D66ED4,,,
ID_TS_Eng_Eth_598336E3,,,
ID_TS_Eng_Eth_4E20FD1A,,,
ID_TS_Eng_Eth_D20EAC17,,,
ID_TS_Eng_Eth_CB9BC326,,,
ID_TS_Eng_Gha_3A43B2BA,,,
ID_TS_Eng_Gha_39118497,.,.,.
ID_TS_Eng_Gha_060EDF5B,across online spaces,across online spaces,across online spaces
ID_TS_Eng_Gha_A8F7EF5A,,,
ID_TS_Eng_Gha_3170F437,?,?,?
ID_TS_Eng_Gha_6601DDD0,,,
ID_TS_Eng_Gha_5408F9AC,.,.,.
ID_TS_Eng_Gha_475287AA,,,
ID_TS_Eng_Gha_DD463C09,.,.,.
ID_TS_Eng_Gha_11C58EF0,.,.,.
ID_TS_Eng_Gha_F7860B50,.,.,.
ID_TS_Eng_Gha_C5F8BC16,,,
ID_TS_Eng_Gha_4774BC58,.,.,.
ID_TS_Eng_Gha_59E4B671,.,.,.
ID_TS_Eng_Gha_A43825B5,,,
ID_TS_Eng_Gha_8268690B,.,.,.
ID_TS_Eng_Gha_6651529E,,,
ID_TS_Eng_Gha_ADF4E62D,?,?,?
ID_TS_Eng_Gha_FB2CA025,.,.,.
ID_TS_Eng_Gha_D7FA2D8D,?,?,?
ID_TS_Eng_Gha_89456F27,?,?,?
ID_TS_Eng_Gha_54C63CD8,,,
ID_TS_Eng_Gha_F071D879,?,?,?
ID_TS_Eng_Gha_0710D430,.,.,.
ID_TS_Eng_Gha_1D870966,?,?,?
ID_TS_Eng_Gha_E08596DB,.,.,.
ID_TS_Eng_Gha_F86C2CA2,outcomes,outcomes,outcomes
ID_TS_Eng_Gha_42DEFFCC,?,?,?
ID_TS_Eng_Gha_2DB69EDB,?,?,?
ID_TS_Eng_Gha_94A1875D,.,.,.
ID_TS_Eng_Gha_F668A617,,,
ID_TS_Eng_Gha_FBC9F87A,,,
ID_TS_Eng_Gha_43F59A85,.,.,.
ID_TS_Eng_Gha_09CB3942,,,
ID_TS_Eng_Gha_1BC044FC,?,?,?
ID_TS_Eng_Gha_98B8E4CC,.,.,.
ID_TS_Eng_Gha_6F3F920C,,,
ID_TS_Eng_Gha_587EF344,,,
ID_TS_Eng_Gha_BA81EDD9,?,?,?
ID_TS_Eng_Gha_C9535B63,,,
ID_TS_Eng_Gha_504D281F,?,?,?
ID_TS_Eng_Gha_6FB78271,.,.,.
ID_TS_Eng_Gha_9B3080D5,?,?,?
ID_TS_Eng_Gha_FBF6E16F,?,?,?
ID_TS_Eng_Gha_82EC9F2D,,,
ID_TS_Eng_Gha_1D9AF659,.,.,.
ID_TS_Eng_Gha_629C2AE3,,,
ID_TS_Eng_Gha_E645F129,?,?,?
ID_TS_Eng_Gha_939B462D,for adolescent sexual health,for adolescent sexual health,for adolescent sexual health
ID_TS_Eng_Gha_30A900AD,.,.,.
ID_TS_Eng_Gha_41357E8C,,,
ID_TS_Eng_Gha_0B5CEA6A,,,
ID_TS_Eng_Gha_B572F3D0,.,.,.
ID_TS_Eng_Gha_6FA17735,.,.,.
ID_TS_Eng_Gha_006ED6E3,.,.,.
ID_TS_Eng_Gha_85197FF4,training,training,training
ID_TS_Eng_Gha_ECF27E76,,,
ID_TS_Eng_Gha_CE777F00,,,
ID_TS_Eng_Gha_89D7FD6C,,,
ID_TS_Eng_Gha_AFD5DEA5,,,
ID_TS_Eng_Gha_B82C9074,,,
ID_TS_Eng_Gha_F0B5156B,.,.,.
ID_TS_Eng_Gha_BDF070AA,.,.,.
ID_TS_Eng_Gha_BCAE8081,,,
ID_TS_Eng_Gha_ABAE4F43,?,?,?
ID_TS_Eng_Gha_3270E4FA,,,
ID_TS_Eng_Gha_5D3D9E56,?,?,?
ID_TS_Eng_Gha_6E6981A3,worldwide,worldwide,worldwide
ID_TS_Eng_Gha_11E9CDAA,.,.,.
ID_TS_Eng_Gha_F2E9702D,,,
ID_TS_Eng_Gha_AA0B7B14,?,?,?
ID_TS_Eng_Gha_EBB7A385,?,?,?
ID_TS_Eng_Gha_5487FD4F,?,?,?
ID_TS_Eng_Gha_9F871CE7,efforts,efforts,efforts
ID_TS_Eng_Gha_505CC686,?,?,?
ID_TS_Eng_Gha_A9D3C2E6,?,?,?
ID_TS_Eng_Gha_D9178793,sexual violence,sexual violence,sexual violence
ID_TS_Eng_Gha_1FE771D6,.,.,.
ID_TS_Eng_Gha_B841D0A0,?,?,?
ID_TS_Eng_Gha_E6697833,.,.,.
ID_TS_Eng_Gha_4CE1EB90,.,.,.
ID_TS_Eng_Gha_81D2C7DE,,,
ID_TS_Eng_Gha_4F2D4796,?,?,?
ID_TS_Eng_Gha_AAB97E49,,,
ID_TS_Eng_Gha_688C7015,.,.,.
ID_TS_Eng_Gha_5380B904,.,.,.
ID_TS_Eng_Gha_6703B636,?,?,?
ID_TS_Eng_Gha_B27C4026,,,
ID_TS_Eng_Gha_4BB00F20,,,
ID_TS_Eng_Gha_8DEDF9FB,.,.,.
ID_TS_Eng_Gha_2095EEF6,?,?,?
ID_TS_Eng_Gha_311C6EB6,,,
ID_TS_Eng_Gha_6BA25EFE,,,
ID_TS_Eng_Gha_AA38D0A1,?,?,?
ID_TS_Eng_Gha_F0BBAC67,,,
ID_TS_Eng_Gha_610FAA3F,,,
ID_TS_Eng_Gha_AD64B56C,.,.,.
ID_TS_Eng_Gha_BF85BF0E,,,
ID_TS_Eng_Gha_E71E43A6,,,
ID_TS_Eng_Gha_2C8D0E44,?,?,?
ID_TS_Eng_Gha_9D9262AF,.,.,.
ID_TS_Eng_Gha_91B0E1D9,.,.,.
ID_TS_Eng_Gha_4D0B0D1A,?,?,?
ID_TS_Eng_Gha_67F48AD5,?,?,?
ID_TS_Eng_Gha_8C459CE2,,,
ID_TS_Eng_Gha_D56F0350,to adolescents,to adolescents,to adolescents
ID_TS_Eng_Gha_001A9A8B,.,.,.
ID_TS_Eng_Gha_4DCABFB7,,,
ID_TS_Eng_Gha_49732D6C,.,.,.
ID_TS_Eng_Gha_35CE8841,.,.,.
ID_TS_Eng_Gha_6E0D2648,,,
ID_TS_Eng_Gha_C9277D9B,,,
ID_TS_Eng_Gha_9479E1E6,.,.,.
ID_TS_Eng_Gha_9B4E2C24,?,?,?
ID_TS_Eng_Gha_A79AC9AA,,,
ID_TS_Eng_Gha_527EECFA,.,.,.
ID_TS_Eng_Gha_77097749,?,?,?
ID_TS_Eng_Gha_7118E364,,,
ID_TS_Eng_Gha_71316269,,,
ID_TS_Eng_Gha_ACF5E81E,?,?,?
ID_TS_Eng_Gha_36B5229A,?,?,?
ID_TS_Eng_Gha_82DC4C8E,,,
ID_TS_Eng_Gha_7922BAC2,.,.,.
ID_TS_Eng_Gha_CB323E35,,,
ID_TS_Eng_Gha_E6B3C944,,,
ID_TS_Eng_Gha_F5B78CC7,?,?,?
ID_TS_Eng_Gha_CBC84759,.,.,.
ID_TS_Eng_Gha_BC67F831,,,
ID_TS_Eng_Gha_2B70E525,.,.,.
ID_TS_Eng_Gha_A8AA7158,,,
ID_TS_Eng_Gha_15B52908,.,.,.
ID_TS_Eng_Gha_48A639D0,.,.,.
ID_TS_Eng_Gha_83F4A9A9,?,?,?
ID_TS_Eng_Gha_A9F25336,,,
ID_TS_Eng_Gha_A2086977,,,
ID_TS_Eng_Gha_9E87E04C,?,?,?
ID_TS_Eng_Gha_55CEE5DB,.,.,.
ID_TS_Eng_Gha_17E8392A,.,.,.
ID_TS_Eng_Gha_D1843324,,,
ID_TS_Eng_Gha_F3B63FE1,initiatives,initiatives,initiatives
ID_TS_Eng_Gha_C04A96C4,,,
ID_TS_Eng_Gha_3C20592F,.,.,.
ID_TS_Eng_Gha_AC3C5640,.,.,.
ID_TS_Eng_Gha_4F77A665,?,?,?
ID_TS_Eng_Gha_39820CFF,.,.,.
ID_TS_Eng_Gha_CE7AE7F6,,,
ID_TS_Eng_Gha_32FA2DE8,(UNFPA),(UNFPA),(UNFPA)
ID_TS_Eng_Gha_25B8FD4B,,,
ID_TS_Eng_Gha_0640BE0F,.,.,.
ID_TS_Eng_Gha_0BD4A990,?,?,?
ID_TS_Eng_Gha_3EAE0032,.,.,.
ID_TS_Eng_Gha_FBE33B24,.,.,.
ID_TS_Eng_Gha_79A28903,,,
ID_TS_Eng_Gha_9C7C7377,,,
ID_TS_Eng_Gha_D98868DD,.,.,.
ID_TS_Eng_Gha_C4BBB7A9,.,.,.
ID_TS_Eng_Gha_12A4DEF0,?,?,?
ID_TS_Eng_Gha_74962764,?,?,?
ID_TS_Eng_Gha_6A18CE4C,.,.,.
ID_TS_Eng_Gha_E2D9DE5D,,,
ID_TS_Eng_Gha_A1384DDC,,,
ID_TS_Eng_Gha_935F2B0A,,,
ID_TS_Eng_Gha_31C681EC,,,
ID_TS_Eng_Gha_B7E58481,.,.,.
ID_TS_Eng_Gha_B24445A7,.,.,.
ID_TS_Eng_Gha_624C69B6,?,?,?
ID_TS_Eng_Gha_7E8F8095,?,?,?
ID_TS_Eng_Gha_664FA663,,,
ID_TS_Eng_Gha_3E75C3B4,.,.,.
ID_TS_Eng_Gha_25C73C44,?,?,?
ID_TS_Eng_Gha_A7F36AE9,?,?,?
ID_TS_Eng_Gha_B00805CC,.,.,.
ID_TS_Eng_Gha_016B6287,,,
ID_TS_Eng_Gha_E4855AA1,,,
ID_TS_Eng_Gha_C03F3538,?,?,?
ID_TS_Eng_Gha_DC45D539,?,?,?
ID_TS_Eng_Gha_C521BF2D,?,?,?
ID_TS_Eng_Gha_E2ADD909,services,services,services
ID_TS_Eng_Gha_1B494E15,.,.,.
ID_TS_Eng_Gha_C7468F59,.,.,.
ID_TS_Eng_Gha_6CD66193,.,.,.
ID_TS_Eng_Gha_3805F907,and equality?,and equality?,and equality?
ID_TS_Eng_Gha_2D06E8CF,patterns,patterns,patterns
ID_TS_Eng_Gha_CDDA24BA,,,
ID_TS_Eng_Gha_F53D4330,.,.,.
ID_TS_Eng_Gha_B227462C,,,
ID_TS_Eng_Gha_8498E113,,,
ID_TS_Eng_Gha_76ECBDD6,.,.,.
ID_TS_Eng_Gha_0CDB1CA4,.,.,.
ID_TS_Eng_Gha_8EB22579,.,.,.
ID_TS_Eng_Gha_3FCB7546,?,?,?
ID_TS_Eng_Gha_EADF5085,,,
ID_TS_Eng_Gha_D92C9227,,,
ID_TS_Eng_Gha_1F115B76,,,
ID_TS_Eng_Gha_74DAAEBF,.,.,.
ID_TS_Eng_Gha_222282E1,.,.,.
ID_TS_Eng_Gha_CD29A36F,,,
ID_TS_Eng_Gha_76F2DBFE,?,?,?
ID_TS_Eng_Gha_AAE65FC1,?,?,?
ID_TS_Eng_Gha_87F8424D,?,?,?
ID_TS_Eng_Gha_FCE68504,?,?,?
ID_TS_Eng_Gha_8F15BA58,.,.,.
ID_TS_Eng_Gha_986F9025,?,?,?
ID_TS_Eng_Gha_513A7052,laws?,laws?,laws?
ID_TS_Eng_Gha_F335CBA3,,,
ID_TS_Eng_Gha_C1581092,,,
ID_TS_Eng_Gha_E4347D51,,,
ID_TS_Eng_Gha_714C7DF4,,,
ID_TS_Eng_Gha_9CD6C852,.,.,.
ID_TS_Eng_Gha_D0A44432,,,
ID_TS_Eng_Gha_B8225688,.,.,.
ID_TS_Eng_Gha_E45B712E,.,.,.
ID_TS_Eng_Gha_81392443,?,?,?
ID_TS_Eng_Gha_6D3EE1DC,?,?,?
ID_TS_Eng_Gha_D4A02E53,?,?,?
ID_TS_Eng_Gha_E827A1B9,,,
ID_TS_Eng_Gha_8C41561B,?,?,?
ID_TS_Eng_Gha_722764E6,.,.,.
ID_TS_Eng_Gha_E5AF6E39,,,
ID_TS_Eng_Gha_28BE9288,?,?,?
ID_TS_Eng_Gha_BE6033F7,boundaries,boundaries,boundaries
ID_TS_Eng_Gha_DC8AEE30,.,.,.
ID_TS_Eng_Gha_79844388,?,?,?
ID_TS_Eng_Gha_7337C599,services,services,services
ID_TS_Eng_Gha_425A609F,,,
ID_TS_Eng_Gha_C074718E,?,?,?
ID_TS_Eng_Gha_3F4B1A70,.,.,.
ID_TS_Eng_Gha_D701410D,,,
ID_TS_Eng_Gha_A33DC7AF,?,?,?
ID_TS_Eng_Gha_46FDE062,.,.,.
ID_TS_Eng_Gha_C40C5D91,.,.,.
ID_TS_Eng_Gha_C715B2B9,?,?,?
ID_TS_Eng_Gha_8573E793,,,
ID_TS_Eng_Gha_7C0E8CD8,,,
ID_TS_Eng_Gha_A07295E9,,,
ID_TS_Eng_Gha_3D3F3799,,,
ID_TS_Eng_Gha_464C04AF,,,
ID_TS_Eng_Gha_709B7D97,,,
ID_TS_Eng_Gha_13D5F2F7,?,?,?
ID_TS_Eng_Gha_B6AAE05B,,,
ID_TS_Eng_Gha_49257AF1,.,.,.
ID_TS_Eng_Gha_3C07C574,,,
ID_TS_Eng_Gha_458F1F19,,,
ID_TS_Eng_Gha_55FA1AB8,,,
ID_TS_Eng_Gha_51D87C64,?,?,?
ID_TS_Eng_Gha_E49D681D,.,.,.
ID_TS_Eng_Gha_8A476A87,and reproductive health,and reproductive health,and reproductive health
ID_TS_Eng_Gha_14A0BCCB,.,.,.
ID_TS_Eng_Gha_236C7B87,?,?,?
ID_TS_Eng_Gha_269CD696,,,
ID_TS_Eng_Gha_3B33F3D8,.,.,.
ID_TS_Eng_Gha_620E99D3,,,
ID_TS_Eng_Gha_B1A6B1F1,,,
ID_TS_Eng_Gha_271E3EE2,.,.,.
ID_TS_Eng_Gha_B4D7E28E,,,
ID_TS_Eng_Gha_36C59DAC,,,
ID_TS_Eng_Gha_10714D51,,,
ID_TS_Eng_Gha_6A34C854,.,.,.
ID_TS_Eng_Gha_68586EBA,.,.,.
ID_TS_Eng_Gha_54B4A482,,,
ID_TS_Eng_Gha_8AE8905B,,,
ID_TS_Eng_Gha_7746D0BA,?,?,?
ID_TS_Eng_Gha_6A702E2F,?,?,?
ID_TS_Eng_Gha_0FF0A55C,?,?,?
ID_TS_Eng_Gha_34F3193C,,,
ID_TS_Eng_Gha_D5385B0E,,,
ID_TS_Eng_Gha_6B8E869F,,,
ID_TS_Eng_Gha_63B4C08B,?,?,?
ID_TS_Eng_Gha_E7A37E81,(STIs),(STIs),(STIs)
ID_TS_Eng_Gha_C51155FF,.,.,.
ID_TS_Eng_Gha_95863A76,,,
ID_TS_Eng_Gha_F2311F17,?,?,?
ID_TS_Eng_Gha_B20DCB6E,?,?,?
ID_TS_Eng_Gha_05000BC6,?,?,?
ID_TS_Eng_Gha_DB52CA58,,,
ID_TS_Eng_Gha_E172B725,?,?,?
ID_TS_Eng_Gha_C3FE0183,.,.,.
ID_TS_Eng_Gha_9360715F,?,?,?
ID_TS_Eng_Gha_6160A6B4,?,?,?
ID_TS_Eng_Gha_7A1B5806,.,.,.
ID_TS_Eng_Gha_018267C4,,,
ID_TS_Eng_Gha_F1578470,?,?,?
ID_TS_Eng_Gha_5A0CDD7C,.,.,.
ID_TS_Eng_Gha_4C71E0FE,.,.,.
ID_TS_Eng_Gha_C0E3BEFD,.,.,.
ID_TS_Eng_Gha_63D62A39,,,
ID_TS_Eng_Gha_DA7B9095,?,?,?
ID_TS_Eng_Gha_E4429EBB,.,.,.
ID_TS_Eng_Gha_F41402B1,,,
ID_TS_Eng_Gha_D5F25073,.,.,.
ID_TS_Eng_Gha_6B44FA8D,,,
ID_TS_Eng_Gha_89C8D2AB,.,.,.
ID_TS_Eng_Gha_BF5D2FDF,?,?,?
ID_TS_Eng_Gha_BC10FA52,literacy,literacy,literacy
ID_TS_Eng_Gha_8BCF53A1,?,?,?
ID_TS_Eng_Gha_CCC42903,?,?,?
ID_TS_Eng_Gha_9A6EC2F5,,,
ID_TS_Eng_Gha_E5D6F6E6,.,.,.
ID_TS_Eng_Gha_3875394C,?,?,?
ID_TS_Eng_Gha_7CFC9B79,,,
ID_TS_Eng_Gha_382C043F,?,?,?
ID_TS_Eng_Gha_45DF16B6,.,.,.
ID_TS_Eng_Gha_6F92F25E,,,
ID_TS_Eng_Gha_7C5308BF,?,?,?
ID_TS_Eng_Gha_076E2BBA,,,
ID_TS_Eng_Gha_638C254C,during adolescence,during adolescence,during adolescence
ID_TS_Eng_Gha_560C95EE,,,
ID_TS_Eng_Gha_AB3B4D37,.,.,.
ID_TS_Eng_Gha_ADDC3E13,.,.,.
ID_TS_Eng_Gha_CC530E36,?,?,?
ID_TS_Eng_Gha_67814C1F,,,
ID_TS_Eng_Gha_B963F37F,.,.,.
ID_TS_Eng_Gha_2A405F12,?,?,?
ID_TS_Eng_Gha_D72B6108,.,.,.
ID_TS_Eng_Gha_77A6E17C,?,?,?
ID_TS_Eng_Gha_EB67146A,.,.,.
ID_TS_Eng_Gha_20AC3703,literacy,literacy,literacy
ID_TS_Eng_Gha_FB10987F,,,
ID_TS_Eng_Gha_9F4C3B79,,,
ID_TS_Eng_Gha_88BC539C,?,?,?
ID_TS_Eng_Gha_06E745F9,.,.,.
ID_TS_Eng_Gha_E82C7D7B,.,.,.
ID_TS_Eng_Gha_64DE82E6,,,
ID_TS_Eng_Gha_978648F8,.,.,.
ID_TS_Eng_Gha_907BFE36,.,.,.
ID_TS_Eng_Gha_A9BA5A27,?,?,?
ID_TS_Eng_Gha_06F028FF,.,.,.
ID_TS_Eng_Gha_157D94A1,,,
ID_TS_Eng_Gha_A48B3DBE,,,
ID_TS_Eng_Gha_6DB99102,?,?,?
ID_TS_Eng_Gha_22BD3388,,,
ID_TS_Eng_Gha_DDE9F863,,,
ID_TS_Eng_Gha_7631DE9D,,,
ID_TS_Eng_Gha_2E85CB21,,,
ID_TS_Eng_Gha_0CDF742B,.,.,.
ID_TS_Eng_Gha_42999AA4,,,
ID_TS_Eng_Gha_610CF373,,,
ID_TS_Eng_Gha_53CD6268,?,?,?
ID_TS_Eng_Gha_362F5E5C,?,?,?
ID_TS_Eng_Gha_74672CD9,,,
ID_TS_Eng_Gha_53AC2AB9,.,.,.
ID_TS_Eng_Gha_56666F9F,,,
ID_TS_Eng_Gha_C2DFF335,?,?,?
ID_TS_Eng_Gha_E1301617,?,?,?
ID_TS_Eng_Gha_610E6A64,?,?,?
ID_TS_Eng_Gha_473BD358,,,
ID_TS_Eng_Gha_C083B73A,.,.,.
ID_TS_Eng_Gha_F3821CFD,,,
ID_TS_Eng_Gha_D4F8FD72,,,
ID_TS_Eng_Gha_6BEBAC31,,,
ID_TS_Eng_Gha_4094DDED,.,.,.
ID_TS_Eng_Gha_D5BCB8D0,,,
ID_TS_Eng_Gha_14F7CE8D,,,
ID_TS_Eng_Gha_78660765,?,?,?
ID_TS_Eng_Gha_04F64D86,?,?,?
ID_TS_Eng_Gha_BFC00DC8,?,?,?
ID_TS_Eng_Gha_8A175DFE,.,.,.
ID_TS_Eng_Gha_0D557B61,,,
ID_TS_Eng_Gha_FFF9F585,.,.,.
ID_TS_Eng_Gha_F3B1025B,,,
ID_TS_Eng_Gha_59970043,?,?,?
ID_TS_Eng_Gha_39669FA7,,,
ID_TS_Eng_Gha_A66FD7F7,.,.,.
ID_TS_Eng_Gha_1190F938,,,
ID_TS_Eng_Gha_C7FEE39F,,,
ID_TS_Eng_Gha_F510AB53,.,.,.
ID_TS_Eng_Gha_A6D964A3,?,?,?
ID_TS_Eng_Gha_0A4E5B70,.,.,.
ID_TS_Eng_Gha_C1156D6D,?,?,?
ID_TS_Eng_Gha_07F194F9,.,.,.
ID_TS_Eng_Gha_F319C125,.,.,.
ID_TS_Eng_Gha_3F4DF561,?,?,?
ID_TS_Eng_Gha_33094D35,?,?,?
ID_TS_Eng_Gha_D6D7B3B8,.,.,.
ID_TS_Eng_Gha_05379FF6,,,
ID_TS_Eng_Gha_9F0FDA8D,?,?,?
ID_TS_Eng_Gha_2702878B,.,.,.
ID_TS_Eng_Gha_3D114802,?,?,?
ID_TS_Eng_Gha_20500494,.,.,.
ID_TS_Eng_Gha_793B4C32,?,?,?
ID_TS_Eng_Gha_AB61A7B1,?,?,?
ID_TS_Eng_Gha_1D48A071,?,?,?
ID_TS_Eng_Gha_90604F62,?,?,?
ID_TS_Eng_Gha_F2A03459,,,
ID_TS_Eng_Gha_37CC863B,,,
ID_TS_Eng_Gha_770C7798,,,
ID_TS_Eng_Gha_B31022F0,,,
ID_TS_Eng_Gha_41992FDF,.,.,.
ID_TS_Eng_Gha_C4536F1D,.,.,.
ID_TS_Eng_Gha_5E6FEA07,.,.,.
ID_TS_Eng_Gha_2AF43AB7,?,?,?
ID_TS_Eng_Gha_9B1BC895,?,?,?
ID_TS_Eng_Gha_9B749245,?,?,?
ID_TS_Eng_Gha_F6B751F7,.,.,.
ID_TS_Eng_Gha_BF780E3F,contraception,contraception,contraception
ID_TS_Eng_Gha_B7E6427C,.,.,.
ID_TS_Eng_Gha_1D5206AB,?,?,?
ID_TS_Eng_Gha_C71D5E60,,,
ID_TS_Eng_Gha_D1BDB8C0,.,.,.
ID_TS_Eng_Gha_29EC8E49,.,.,.
ID_TS_Eng_Gha_F6F7F0CC,?,?,?
ID_TS_Eng_Gha_4FA03F26,.,.,.
ID_TS_Eng_Gha_1BAC5C15,?,?,?
ID_TS_Eng_Gha_9424AED5,?,?,?
ID_TS_Eng_Gha_0692DC63,.,.,.
ID_TS_Eng_Gha_EDCB8CB6,,,
ID_TS_Eng_Gha_4FDC6E1B,,,
ID_TS_Eng_Gha_93676A02,?,?,?
ID_TS_Eng_Gha_AD66A1BD,?,?,?
ID_TS_Eng_Gha_E87466D7,.,.,.
ID_TS_Eng_Gha_F54AD0A2,,,
ID_TS_Eng_Gha_60141DE9,,,
ID_TS_Eng_Gha_658B2523,?,?,?
ID_TS_Eng_Gha_F1043785,,,
ID_TS_Eng_Gha_B70B3420,?,?,?
ID_TS_Eng_Gha_32C5BD89,.,.,.
ID_TS_Eng_Gha_13748146,?,?,?
ID_TS_Eng_Gha_9793B9B4,?,?,?
ID_TS_Eng_Gha_B0CC1B3B,.,.,.
ID_TS_Eng_Gha_D4A057A7,.,.,.
ID_TS_Eng_Gha_A092F52A,?,?,?
ID_TS_Eng_Gha_3E2B6091,,,
ID_TS_Eng_Gha_1A16342C,?,?,?
ID_TS_Eng_Gha_B27B3D90,,,
ID_TS_Eng_Gha_C5C14EB4,,,
ID_TS_Eng_Gha_4D3485C5,?,?,?
ID_TS_Eng_Gha_D9ACD158,?,?,?
ID_TS_Eng_Gha_AF2B99B4,.,.,.
ID_TS_Eng_Gha_99B49350,?,?,?
ID_TS_Eng_Gha_CE3714AF,.,.,.
ID_TS_Eng_Gha_1EFD76E9,,,
ID_TS_Eng_Gha_CBD58BF6,.,.,.
ID_TS_Eng_Gha_FBDD3933,,,
ID_TS_Eng_Gha_90E0F4A0,intimacy,intimacy,intimacy
ID_TS_Eng_Gha_C85ACA46,.,.,.
ID_TS_Eng_Gha_0A8381BE,?,?,?
ID_TS_Eng_Gha_58E25888,,,
ID_TS_Eng_Gha_8861FE18,,,
ID_TS_Eng_Gha_6DAA2E68,,,
ID_TS_Eng_Gha_A9597663,?,?,?
ID_TS_Eng_Gha_5EDDBBBF,.,.,.
ID_TS_Eng_Gha_11A72609,,,
ID_TS_Eng_Gha_8186A576,,,
ID_TS_Eng_Gha_A5C5650C,?,?,?
ID_TS_Eng_Gha_575AED2C,?,?,?
ID_TS_Eng_Gha_033D2BCE,,,
ID_TS_Eng_Gha_D97DC9CD,,,
ID_TS_Eng_Gha_6B88F83D,.,.,.
ID_TS_Eng_Gha_D284476C,.,.,.
ID_TS_Eng_Gha_7D7DDBED,.,.,.
ID_TS_Eng_Gha_1B049863,,,
ID_TS_Eng_Gha_6EFB63B1,,,
ID_TS_Eng_Gha_F5F62C97,,,
ID_TS_Eng_Gha_5CB85AED,.,.,.
ID_TS_Eng_Gha_A2B5B498,.,.,.
ID_TS_Eng_Gha_E43E4288,,,
ID_TS_Eng_Gha_D4262982,.,.,.
ID_TS_Eng_Gha_75B17A55,?,?,?
ID_TS_Eng_Gha_B5122DF8,,,
ID_TS_Eng_Gha_272A6D8E,,,
ID_TS_Eng_Gha_6F7C15EA,,,
ID_TS_Eng_Gha_2D174FC9,.,.,.
ID_TS_Eng_Gha_BBDA0242,,,
ID_TS_Eng_Gha_859131D2,?,?,?
ID_TS_Eng_Gha_F7294951,.,.,.
ID_TS_Eng_Gha_A6846099,diversity,diversity,diversity
ID_TS_Eng_Gha_45241EA6,,,
ID_TS_Eng_Gha_9DAC6E83,,,
ID_TS_Eng_Gha_CEE624D0,?,?,?
ID_TS_Eng_Gha_EB6C1016,?,?,?
ID_TS_Eng_Gha_89C5B31A,,,
ID_TS_Eng_Gha_C64EE6E3,.,.,.
ID_TS_Eng_Gha_7BC67E1F,?,?,?
ID_TS_Eng_Gha_7701F7BB,?,?,?
ID_TS_Eng_Gha_6F81CF4F,,,
ID_TS_Eng_Gha_D36357B6,?,?,?
ID_TS_Eng_Gha_BB2488A3,.,.,.
ID_TS_Eng_Gha_97AC6AA8,.,.,.
ID_TS_Eng_Gha_44B591F7,providers,providers,providers
ID_TS_Eng_Gha_52828D80,.,.,.
ID_TS_Eng_Gha_DA09DFA0,,,
ID_TS_Eng_Gha_3ED8C56C,,,
ID_TS_Eng_Gha_D4AAC9A3,,,
ID_TS_Eng_Gha_EF43613C,.,.,.
ID_TS_Eng_Gha_162F8A24,?,?,?
ID_TS_Eng_Gha_4767D76C,,,
ID_TS_Eng_Gha_E1B294DE,.,.,.
ID_TS_Eng_Gha_7367C28D,,,
ID_TS_Eng_Gha_3E6DD58B,?,?,?
ID_TS_Eng_Gha_C01F36BF,.,.,.
ID_TS_Eng_Gha_76F72255,,,
ID_TS_Eng_Ken_AB0E664E,,,
ID_TS_Eng_Ken_6105716B,,,
ID_TS_Eng_Ken_561E16D1,,,
ID_TS_Eng_Ken_7E8ADEE7,,,
ID_TS_Eng_Ken_D9D80B8D,,,
ID_TS_Eng_Ken_533420E6,,,
ID_TS_Eng_Ken_7CD0129D,,,
ID_TS_Eng_Ken_364D7C87,,,
ID_TS_Eng_Ken_5AD5CF06,,,
ID_TS_Eng_Ken_CC3EBDDE,,,
ID_TS_Eng_Ken_4223623B,,,
ID_TS_Eng_Ken_57207246,,,
ID_TS_Eng_Ken_4797B2C9,?,?,?
ID_TS_Eng_Ken_E14EB70D,,,
ID_TS_Eng_Ken_46B98991,,,
ID_TS_Eng_Ken_8E485223,,,
ID_TS_Eng_Ken_0299436A,,,
ID_TS_Eng_Ken_8441AEFD,,,
ID_TS_Eng_Ken_F2B43ABF,,,
ID_TS_Eng_Ken_30E912F2,,,
ID_TS_Eng_Ken_3DC98290,,,
ID_TS_Eng_Ken_7D137018,?,?,?
ID_TS_Eng_Ken_8E200724,get HIV,get HIV,get HIV
ID_TS_Eng_Ken_C2171429,,,
ID_TS_Eng_Ken_B0CBC61F,,,
ID_TS_Eng_Ken_A559E463,,,
ID_TS_Eng_Ken_B63B4DC3,,,
ID_TS_Eng_Ken_CAFDA613,,,
ID_TS_Eng_Ken_046A0DF5,?,?,?
ID_TS_Eng_Ken_17D2582E,,,
ID_TS_Eng_Ken_4B5305E5,,,
ID_TS_Eng_Ken_38BA8ABC,,,
ID_TS_Eng_Ken_6786D506,,,
ID_TS_Eng_Ken_B118F68D,,,
ID_TS_Eng_Ken_3E493F43,.,.,.
ID_TS_Eng_Ken_94E0D3BA,,,
ID_TS_Eng_Ken_8DB06746,,,
ID_TS_Eng_Ken_58007C02,,,
ID_TS_Eng_Ken_6CEDD15D,,,
ID_TS_Eng_Ken_54AEBD1B,,,
ID_TS_Eng_Ken_B3EE4D3B,,,
ID_TS_Eng_Ken_7428A656,?,?,?
ID_TS_Eng_Ken_4E7ED827,?,?,?
ID_TS_Eng_Ken_405BFDC9,,,
ID_TS_Eng_Ken_3B048A8B,,,
ID_TS_Eng_Ken_1EE34DC4,,,
ID_TS_Eng_Ken_314D3441,,,
ID_TS_Eng_Ken_50C7C006,,,
ID_TS_Eng_Ken_1E9B23BC,.,.,.
ID_TS_Eng_Ken_BE2D740A,,,
ID_TS_Eng_Ken_F36CB62B,,,
ID_TS_Eng_Ken_C31EDBBC,,,
ID_TS_Eng_Ken_B0AE8F08,,,
ID_TS_Eng_Ken_2F65FAFA,?,?,?
ID_TS_Eng_Ken_3108D448,,,
ID_TS_Eng_Ken_3764FBDA,,,
ID_TS_Eng_Ken_7BF47042,.,.,.
ID_TS_Eng_Ken_46C8ADFE,,,
ID_TS_Eng_Ken_B97E6703,,,
ID_TS_Eng_Ken_96EF2AD6,,,
ID_TS_Eng_Ken_FA02EAEC,,,
ID_TS_Eng_Ken_C29CFC0C,,,
ID_TS_Eng_Ken_864E9A13,,,
ID_TS_Eng_Ken_98C7472A,,,
ID_TS_Eng_Ken_48729A4D,,,
ID_TS_Eng_Ken_D52721E7,,,
ID_TS_Eng_Ken_31B1B099,,,
ID_TS_Eng_Ken_4BD6CEE6,,,
ID_TS_Eng_Ken_3A3C563E,?,?,?
ID_TS_Eng_Ken_5C62B3A2,,,
ID_TS_Eng_Ken_2DEFE193,,,
ID_TS_Eng_Ken_4D6168BD,,,
ID_TS_Eng_Ken_039F3A25,,,
ID_TS_Eng_Ken_B540B30E,,,
ID_TS_Eng_Ken_2067BDAC,,,
ID_TS_Eng_Ken_0BA6EAB9,?,?,?
ID_TS_Eng_Ken_F96B648A,,,
ID_TS_Eng_Ken_8DA8EEE4,,,
ID_TS_Eng_Ken_4AC9778D,,,
ID_TS_Eng_Ken_B289F224,?,?,?
ID_TS_Eng_Ken_F1AFDB65,,,
ID_TS_Eng_Ken_2053DA42,?,?,?
ID_TS_Eng_Ken_A34B6CF6,,,
ID_TS_Eng_Ken_7DAA39F0,,,
ID_TS_Eng_Ken_1A432F0A,,,
ID_TS_Eng_Ken_0323D342,,,
ID_TS_Eng_Ken_48CA7651,,,
ID_TS_Eng_Ken_782A65E0,.,.,.
ID_TS_Eng_Ken_70C2903F,,,
ID_TS_Eng_Ken_5738811D,kit,kit,kit
ID_TS_Eng_Ken_0D270659,,,
ID_TS_Eng_Ken_40A26C60,,,
ID_TS_Eng_Ken_F0E98B3B,?,?,?
ID_TS_Eng_Ken_DC99E04C,,,
ID_TS_Eng_Ken_1D34D08E,,,
ID_TS_Eng_Ken_D2762BDC,,,
ID_TS_Eng_Ken_6694C343,,,
ID_TS_Eng_Ken_7DE31A51,,,
ID_TS_Eng_Ken_12F70C97,,,
ID_TS_Eng_Ken_93B7A886,,,
ID_TS_Eng_Ken_AFBB411A,,,
ID_TS_Eng_Ken_0DB95301,,,
ID_TS_Eng_Ken_26D794D3,,,
ID_TS_Eng_Ken_2631D00B,?,?,?
ID_TS_Eng_Ken_CFA701CD,,,
ID_TS_Eng_Ken_90164161,,,
ID_TS_Eng_Ken_15CE6A66,?,?,?
ID_TS_Eng_Ken_FE716B14,,,
ID_TS_Eng_Ken_3F897142,,,
ID_TS_Eng_Ken_1E52D770,,,
ID_TS_Eng_Ken_8EDDDFCD,,,
ID_TS_Eng_Ken_C3B290D0,,,
ID_TS_Eng_Ken_6A8A616F,,,
ID_TS_Eng_Ken_9B37A22B,?,?,?
ID_TS_Eng_Ken_989BC4DA,,,
ID_TS_Eng_Ken_9E50AA42,,,
ID_TS_Eng_Ken_85C7504B,,,
ID_TS_Eng_Ken_7354EA6F,,,
ID_TS_Eng_Ken_E893BE3D,,,
ID_TS_Eng_Ken_715629EE,,,
ID_TS_Eng_Ken_4C1F55AB,,,
ID_TS_Eng_Ken_DC33E1F9,,,
ID_TS_Eng_Ken_96A9954F,,,
ID_TS_Eng_Ken_FD72B050,?,?,?
ID_TS_Eng_Ken_6DC7CAC7,?,?,?
ID_TS_Eng_Ken_9191B363,,,
ID_TS_Eng_Ken_9EFBA58B,?,?,?
ID_TS_Eng_Ken_9C10C572,,,
ID_TS_Eng_Ken_F5C9B047,,,
ID_TS_Eng_Ken_BD767E35,,,
ID_TS_Eng_Ken_F295456E,,,
ID_TS_Eng_Ken_C342BD2B,,,
ID_TS_Eng_Ken_3531968D,,,
ID_TS_Eng_Ken_A021C0CA,,,
ID_TS_Eng_Ken_3605BF54,,,
ID_TS_Eng_Ken_43BFD931,,,
ID_TS_Eng_Ken_A911D192,,,
ID_TS_Eng_Ken_2834E4C0,,,
ID_TS_Eng_Ken_3D67CDE9,,,
ID_TS_Eng_Ken_8D4F5D27,,,
ID_TS_Eng_Ken_2812859A,,,
ID_TS_Eng_Ken_00AF5B3A,,,
ID_TS_Eng_Ken_735435EA,,,
ID_TS_Eng_Ken_B07AA066,,,
ID_TS_Eng_Ken_085B15FB,,,
ID_TS_Eng_Ken_3B4206C5,?,?,?
ID_TS_Eng_Ken_49C13DE7,,,
ID_TS_Eng_Ken_B4FB0EB9,,,
ID_TS_Eng_Ken_48603B32,,,
ID_TS_Eng_Ken_B3F6FE0D,,,
ID_TS_Eng_Ken_DC0F2FCF,?,?,?
ID_TS_Eng_Ken_743B65A2,,,
ID_TS_Eng_Ken_1238D630,?,?,?
ID_TS_Eng_Ken_AFF8754D,?,?,?
ID_TS_Eng_Ken_3BC1A987,?,?,?
ID_TS_Eng_Ken_EC856F37,,,
ID_TS_Eng_Ken_43B9DA13,,,
ID_TS_Eng_Ken_C9AF18F8,,,
ID_TS_Eng_Ken_CA8F3653,,,
ID_TS_Eng_Ken_96FC734D,,,
ID_TS_Eng_Ken_CDCCC33A,,,
ID_TS_Eng_Ken_EF04E57D,?,?,?
ID_TS_Eng_Ken_1D61FAC3,,,
ID_TS_Eng_Ken_8B6870B5,,,
ID_TS_Eng_Ken_A5CB63A2,kit,kit,kit
ID_TS_Eng_Ken_26242B40,,,
ID_TS_Eng_Ken_E88DA719,?,?,?
ID_TS_Eng_Uga_44007D5A,,,
ID_TS_Eng_Uga_D39E198B,,,
ID_TS_Eng_Uga_246998E8,,,
ID_TS_Eng_Uga_1247EA4E,,,
ID_TS_Eng_Uga_0F44704F,,,
ID_TS_Eng_Uga_CAE9B4A7,?,?,?
ID_TS_Eng_Uga_4EBFA5C3,,,
ID_TS_Eng_Uga_BFBBB17F,,,
ID_TS_Eng_Uga_D3016989,,,
ID_TS_Eng_Uga_91B78D8E,,,
ID_TS_Eng_Uga_EBD34616,.,.,.
ID_TS_Eng_Uga_49E2623D,,,
ID_TS_Eng_Uga_706C5C56,,,
ID_TS_Eng_Uga_1FD5A423,,,
ID_TS_Eng_Uga_77FC9703,,,
ID_TS_Eng_Uga_B04D3376,.,.,.
ID_TS_Eng_Uga_4DD8EB85,?,?,?
ID_TS_Eng_Uga_B321BF21,,,
ID_TS_Eng_Uga_670ACC5C,,,
ID_TS_Eng_Uga_801EF1DA,?,?,?
ID_TS_Eng_Uga_8A3C3B5E,,,
ID_TS_Eng_Uga_7E695D0D,,,
ID_TS_Eng_Uga_7010F719,,,
ID_TS_Eng_Uga_1497D658,,,
ID_TS_Eng_Uga_9918EE46,,,
ID_TS_Eng_Uga_0A3450FC,?,?,?
ID_TS_Eng_Uga_E3B137FC,,,
ID_TS_Eng_Uga_6E996E3E,?,?,?
ID_TS_Eng_Uga_5283AAC7,?,?,?
ID_TS_Eng_Uga_9A8CFA3C,,,
ID_TS_Eng_Uga_40181C6E,?,?,?
ID_TS_Eng_Uga_069F14F1,,,
ID_TS_Eng_Uga_176132ED,,,
ID_TS_Eng_Uga_3A9ACA5E,,,
ID_TS_Eng_Uga_F63FCE41,,,
ID_TS_Eng_Uga_AC9ED156,,,
ID_TS_Eng_Uga_D6016237,,,
ID_TS_Eng_Uga_DC4AD56B,,,
ID_TS_Eng_Uga_93403FAD,,,
ID_TS_Eng_Uga_964DB03F,,,
ID_TS_Eng_Uga_F366BAD4,,,
ID_TS_Eng_Uga_054F92FF,.,.,.
ID_TS_Eng_Uga_FFE3FA49,,,
ID_TS_Eng_Uga_C3C75611,,,
ID_TS_Eng_Uga_D248A9A7,?,?,?
ID_TS_Eng_Uga_44FEACAE,,,
ID_TS_Eng_Uga_9384EC2B,,,
ID_TS_Eng_Uga_0A4C9F7F,,,
ID_TS_Eng_Uga_C35B1C8C,,,
ID_TS_Eng_Uga_C19AD58C,.,.,.
ID_TS_Eng_Uga_7872BDEB,,,
ID_TS_Eng_Uga_84DAD06A,.,.,.
ID_TS_Eng_Uga_A6C9537F,,,
ID_TS_Eng_Uga_7135F221,,,
ID_TS_Eng_Uga_EA83BF00,,,
ID_TS_Eng_Uga_473544F9,,,
ID_TS_Eng_Uga_2E76128B,,,
ID_TS_Eng_Uga_FF37D19C,?,?,?
ID_TS_Eng_Uga_95D82980,,,
ID_TS_Eng_Uga_6F962882,,,
ID_TS_Eng_Uga_A2814044,,,
ID_TS_Eng_Uga_D0725B5C,.,.,.
ID_TS_Eng_Uga_7DE1BDFE,,,
ID_TS_Eng_Uga_F8140102,?,?,?
ID_TS_Eng_Uga_175BA98D,?,?,?
ID_TS_Eng_Uga_785299F4,,,
ID_TS_Eng_Uga_5913F9D3,?,?,?
ID_TS_Eng_Uga_6889803E,,,
ID_TS_Eng_Uga_5553B2FE,,,
ID_TS_Eng_Uga_5230DFBD,,,
ID_TS_Eng_Uga_AB8DDEB4,,,
ID_TS_Eng_Uga_1AC70EC0,?,?,?
ID_TS_Eng_Uga_DB946570,,,
ID_TS_Eng_Uga_546E035A,,,
ID_TS_Eng_Uga_6961929E,?,?,?
ID_TS_Eng_Uga_B194990B,,,
ID_TS_Eng_Uga_7ED70ED7,?,?,?
ID_TS_Eng_Uga_49C8A43F,,,
ID_TS_Eng_Uga_A99F1318,,,
ID_TS_Eng_Uga_668409E3,,,
ID_TS_Eng_Uga_D045DD1C,?,?,?
ID_TS_Eng_Uga_C2B01CFD,,,
ID_TS_Eng_Uga_8CD321B0,,,
ID_TS_Eng_Uga_0964FBBF,,,
ID_TS_Eng_Uga_746F7891,,,
ID_TS_Eng_Uga_168B1625,,,
ID_TS_Eng_Uga_50843242,.,.,.
ID_TS_Eng_Uga_409D3602,?,?,?
ID_TS_Eng_Uga_52C21221,,,
ID_TS_Eng_Uga_1DAD09B2,,,
ID_TS_Eng_Uga_F85E06A1,?,?,?
ID_TS_Eng_Uga_6778043B,.,.,.
ID_TS_Eng_Uga_DD6AC7B8,?,?,?
ID_TS_Eng_Uga_83BC9478,.,.,.
ID_TS_Eng_Uga_D32E6DCD,,,
ID_TS_Eng_Uga_FCF56188,,,
ID_TS_Eng_Uga_004B6FAB,,,
ID_TS_Eng_Uga_A85C6E4A,?,?,?
ID_TS_Eng_Uga_DE8EDE0B,,,
ID_TS_Eng_Uga_8AE769ED,?,?,?
ID_TS_Eng_Uga_764414FD,,,
ID_TS_Eng_Uga_69CA97D2,,,
ID_TS_Eng_Uga_0DE051A6,,,
ID_TS_Eng_Uga_300568D2,,,
ID_TS_Eng_Uga_84B871BB,,,
ID_TS_Eng_Uga_5C9D927D,,,
ID_TS_Eng_Uga_9F64EEED,,,
ID_TS_Eng_Uga_C1A6423B,,,
ID_TS_Eng_Uga_7F9D3E64,,,
ID_TS_Eng_Uga_A01AC992,,,
ID_TS_Eng_Uga_71299889,?,?,?
ID_TS_Eng_Uga_C28EBD70,,,
ID_TS_Eng_Uga_0D366DFC,,,
ID_TS_Eng_Uga_341C6494,during puberty,during puberty,during puberty
ID_TS_Eng_Uga_445DCC38,?,?,?
ID_TS_Eng_Uga_ED7BF656,?,?,?
ID_TS_Eng_Uga_49BC473F,.,.,.
ID_TS_Eng_Uga_70286046,,,
ID_TS_Eng_Uga_E17F29E1,,,
ID_TS_Eng_Uga_B2C08394,,,
ID_TS_Eng_Uga_7C16128D,.,.,.
ID_TS_Eng_Uga_1F15C7B6,.,.,.
ID_TS_Eng_Uga_0763FCD0,?,?,?
ID_TS_Eng_Uga_F920264C,?,?,?
ID_TS_Eng_Uga_A14923C2,,,
ID_TS_Eng_Uga_9BDF0377,?,?,?
ID_TS_Eng_Uga_CC9FD334,.,.,.
ID_TS_Eng_Uga_3D42993C,?,?,?
ID_TS_Eng_Uga_B5B453CA,,,
ID_TS_Eng_Uga_288B78B5,,,
ID_TS_Eng_Uga_4F8D5238,,,
ID_TS_Eng_Uga_8D03C91E,.,.,.
ID_TS_Eng_Uga_03802B70,,,
ID_TS_Eng_Uga_8D605936,,,
ID_TS_Eng_Uga_687213F9,,,
ID_TS_Eng_Uga_17DC8EFF,,,
ID_TS_Eng_Uga_3985FB62,,,
ID_TS_Eng_Uga_D7665CDA,,,
ID_TS_Eng_Uga_E9B5C5CF,?,?,?
ID_TS_Eng_Uga_1D0BC9BD,,,
ID_TS_Eng_Uga_762172ED,.,.,.
ID_TS_Eng_Uga_F27292B6,,,
ID_TS_Eng_Uga_1E1242E3,,,
ID_TS_Eng_Uga_A5D04D53,?,?,?
ID_TS_Eng_Uga_D50755D9,,,
ID_TS_Eng_Uga_EEC259DC,,,
ID_TS_Eng_Uga_B77350CA,?,?,?
ID_TS_Eng_Uga_4AB7706E,?,?,?
ID_TS_Eng_Uga_82456FB4,,,
ID_TS_Eng_Uga_B495DB4E,,,
ID_TS_Eng_Uga_45FF2C83,,,
ID_TS_Eng_Uga_6A5D932B,,,
ID_TS_Eng_Uga_D5B077E0,,,
ID_TS_Eng_Uga_7B85179A,,,
ID_TS_Eng_Uga_FAF14FF0,,,
ID_TS_Eng_Uga_78E3654B,,,
ID_TS_Eng_Uga_3E652603,,,
ID_TS_Eng_Uga_74EFF545,?,?,?
ID_TS_Eng_Uga_8D1FB540,,,
ID_TS_Eng_Uga_25074181,.,.,.
ID_TS_Eng_Uga_EBFF8D15,,,
ID_TS_Eng_Uga_9970CF60,,,
ID_TS_Eng_Uga_821C1336,,,
ID_TS_Eng_Uga_BF0D073D,,,
ID_TS_Eng_Uga_22F235F2,,,
ID_TS_Eng_Uga_DD30DE89,.,.,.
ID_TS_Eng_Uga_11DF12D7,,,
ID_TS_Eng_Uga_46B82659,,,
ID_TS_Eng_Uga_C5CE099C,?,?,?
ID_TS_Eng_Uga_CA3DD859,,,
ID_TS_Eng_Uga_DABAC50D,! !,! !,! !
ID_TS_Eng_Uga_57021049,,,
ID_TS_Eng_Uga_EF2AE713,,,
ID_TS_Eng_Uga_81FB18B3,,,
ID_TS_Eng_Uga_44656D6B,,,
ID_TS_Eng_Uga_D20F87D0,,,
ID_TS_Eng_Uga_486822B9,,,
ID_TS_Eng_Uga_B9DE7A3A,,,
ID_TS_Eng_Uga_4C6E27FF,,,
ID_TS_Eng_Uga_D664D264,,,
ID_TS_Eng_Uga_FFB8102D,.,.,.
ID_TS_Eng_Uga_A8F1E091,?,?,?
ID_TS_Eng_Uga_7D5911C6,,,
ID_TS_Eng_Uga_260A5962,,,
ID_TS_Eng_Uga_7250EE18,?,?,?
ID_TS_Eng_Uga_89E06AB3,,,
ID_TS_Eng_Uga_7BFDCC12,,,
ID_TS_Eng_Uga_585A0AFA,,,
ID_TS_Eng_Uga_8D4A75B8,,,
ID_TS_Eng_Uga_C34B9FBB,?,?,?
ID_TS_Eng_Uga_8B1E3B9D,,,
ID_TS_Eng_Uga_EECF67D2,?,?,?
ID_TS_Eng_Uga_5260001E,holiday,holiday,holiday
ID_TS_Eng_Uga_DE9E3757,,,
ID_TS_Eng_Uga_304B8590,,,
ID_TS_Eng_Uga_FB140BC3,,,
ID_TS_Eng_Uga_B28F41DE,,,
ID_TS_Eng_Uga_3D225C30,,,
ID_TS_Eng_Uga_9261549D,,,
ID_TS_Eng_Uga_620A60AC,.,.,.
ID_TS_Eng_Uga_DB23AA8C,.,.,.
ID_TS_Eng_Uga_C68A152F,?,?,?
ID_TS_Eng_Uga_69288E92,.,.,.
ID_TS_Eng_Uga_0B2C782A,?,?,?
ID_TS_Eng_Uga_517400F8,,,
ID_TS_Eng_Uga_BEA4FF31,,,
ID_TS_Eng_Uga_7914F8A8,,,
ID_TS_Eng_Uga_B489D070,,,
ID_TS_Eng_Uga_E9D68F23,,,
ID_TS_Eng_Uga_CFB87E6F,,,
ID_TS_Eng_Uga_61985D54,,,
ID_TS_Eng_Uga_62D60E93,?,?,?
ID_TS_Eng_Uga_FD08B32C,,,
ID_TS_Eng_Uga_CADA4F80,?,?,?
ID_TS_Eng_Uga_D21C82F8,,,
ID_TS_Eng_Uga_A6EAB79E,,,
ID_TS_Eng_Uga_FB16E5DB,,,
ID_TS_Eng_Uga_26F05FCF,,,
ID_TS_Eng_Uga_7ECDDBAF,,,
ID_TS_Eng_Uga_F6FEBC0E,,,
ID_TS_Eng_Uga_097A1E10,,,
ID_TS_Eng_Uga_2051ACEF,.,.,.
ID_TS_Eng_Uga_80962718,,,
ID_TS_Eng_Uga_F72169BB,,,
ID_TS_Eng_Uga_9716108E,,,
ID_TS_Eng_Uga_54FD9AD3,?,?,?
ID_TS_Eng_Uga_DEA4AE17,,,
ID_TS_Eng_Uga_19B17E80,,,
ID_TS_Eng_Uga_DFCAF0B7,,,
ID_TS_Eng_Uga_D85480F0,,,
ID_TS_Eng_Uga_70B7E868,,,
ID_TS_Eng_Uga_1986B4B2,,,
ID_TS_Eng_Uga_86A4BAE4,,,
ID_TS_Eng_Uga_E912B4BF,,,
ID_TS_Eng_Uga_74F93D17,,,
ID_TS_Eng_Uga_03EDD1F8,,,
ID_TS_Eng_Uga_24E75E8E,,,
ID_TS_Eng_Uga_68F45BCE,,,
ID_TS_Eng_Uga_DEF57689,.,.,.
ID_TS_Eng_Uga_F84F16B3,,,
ID_TS_Eng_Uga_2784378F,,,
ID_TS_Eng_Uga_1327F1BC,,,
ID_TS_Eng_Uga_78308930,?,?,?
ID_TS_Eng_Uga_C8120A8E,?,?,?
ID_TS_Eng_Uga_F81DBAA1,,,
ID_TS_Eng_Uga_43D88870,,,
ID_TS_Eng_Uga_56ABF2F1,,,
ID_TS_Eng_Uga_9F8DED97,.,.,.
ID_TS_Eng_Uga_B15516BC,,,
ID_TS_Eng_Uga_65C17795,,,
ID_TS_Eng_Uga_A65BB1F2,,,
ID_TS_Eng_Uga_148F8B74,,,
ID_TS_Eng_Uga_DA0D4A5F,,,
ID_TS_Eng_Uga_541CDFCD,,,
ID_TS_Eng_Uga_DA330AA1,,,
ID_TS_Eng_Uga_ACA2B148,,,
ID_TS_Eng_Uga_DBFDD97E,.,.,.
ID_TS_Eng_Uga_889B78D5,,,
ID_TS_Eng_Uga_61484BB3,,,
ID_TS_Eng_Uga_F4427E0B,?,?,?
ID_TS_Eng_Uga_5110B492,,,
ID_TS_Eng_Uga_A075E927,.,.,.
ID_TS_Eng_Uga_B7FDDD71,?,?,?
ID_TS_Eng_Uga_C268283E,,,
ID_TS_Eng_Uga_7CEA2045,,,
ID_TS_Eng_Uga_DF547E50,,,
ID_TS_Eng_Uga_0930AEF6,,,
ID_TS_Eng_Uga_9E11D2CD,,,
ID_TS_Eng_Uga_118405AD,,,
ID_TS_Eng_Uga_3C19E71D,,,
ID_TS_Eng_Uga_A193C4B2,?,?,?
ID_TS_Eng_Uga_AF34CF65,,,
ID_TS_Eng_Uga_EBC2026F,,,
ID_TS_Eng_Uga_FF574E2B,,,
ID_TS_Eng_Uga_3A3C8A71,,,
ID_TS_Eng_Uga_BF2C14A0,,,
ID_TS_Eng_Uga_FA745761,,,
ID_TS_Eng_Uga_1933918C,,,
ID_TS_Eng_Uga_C2A79689,.,.,.
ID_TS_Eng_Uga_A23D4C2F,,,
ID_TS_Eng_Uga_B4323070,,,
ID_TS_Eng_Uga_DF615A5C,,,
ID_TS_Eng_Uga_19BAD7AE,,,
ID_TS_Eng_Uga_4CA9CF07,.,.,.
ID_TS_Eng_Uga_E746CCB9,,,
ID_TS_Eng_Uga_0769165F,,,
ID_TS_Eng_Uga_0BC61066,,,
ID_TS_Eng_Uga_530A37DF,,,
ID_TS_Eng_Uga_0E5DD462,,,
ID_TS_Eng_Uga_4B1A269B,,,
ID_TS_Eng_Uga_5BC440F1,,,
ID_TS_Eng_Uga_5FF595EA,?,?,?
ID_TS_Eng_Uga_6E417D47,?,?,?
ID_TS_Eng_Uga_25440FE0,,,
ID_TS_Eng_Uga_3E83B91F,,,
ID_TS_Eng_Uga_87FA841A,?,?,?
ID_TS_Eng_Uga_697C3923,,,
ID_TS_Eng_Uga_AE8A7813,,,
ID_TS_Eng_Uga_2E183554,,,
ID_TS_Eng_Uga_2B840C67,?,?,?
ID_TS_Eng_Uga_2CD1586A,,,
ID_TS_Eng_Uga_14374509,,,
ID_TS_Eng_Uga_9C07A751,,,
ID_TS_Eng_Uga_DEEF580F,.,.,.
ID_TS_Eng_Uga_61EE6C5B,,,
ID_TS_Eng_Uga_9EA556AA,?,?,?
ID_TS_Eng_Uga_AEE1E86B,,,
ID_TS_Eng_Uga_3DA70577,,,
ID_TS_Eng_Uga_7F671EEC,,,
ID_TS_Eng_Uga_E9AF299D,,,
ID_TS_Eng_Uga_9549C931,,,
ID_TS_Eng_Uga_24A35CF2,,,
ID_TS_Eng_Uga_3B70B3A1,?,?,?
ID_TS_Eng_Uga_760DEBBB,,,
ID_TS_Eng_Uga_A34DB7C5,?,?,?
ID_TS_Eng_Uga_75A66981,,,
ID_TS_Eng_Uga_415D174A,,,
ID_TS_Eng_Uga_AAB612C9,,,
ID_TS_Eng_Uga_0267DEB3,,,
ID_TS_Eng_Uga_E61EDE90,,,
ID_TS_Eng_Uga_CDFC6EE0,,,
ID_TS_Eng_Uga_771AD655,,,
ID_TS_Eng_Uga_E6B5A92C,,,
ID_TS_Eng_Uga_49A23A89,?,?,?
ID_TS_Eng_Uga_AD77E82F,,,
ID_TS_Eng_Uga_8BEDDB12,,,
ID_TS_Eng_Uga_28711733,,,
ID_TS_Eng_Uga_12E89D10,,,
ID_TS_Eng_Uga_711533F3,,,
ID_TS_Eng_Uga_F1FAF665,?,?,?
ID_TS_Eng_Uga_5876FD09,,,
ID_TS_Eng_Uga_FCD6BDCA,,,
ID_TS_Eng_Uga_966B1964,?,?,?
ID_TS_Eng_Uga_4C955F6A,,,
ID_TS_Eng_Uga_A3917C99,,,
ID_TS_Eng_Uga_F6478986,,,
ID_TS_Eng_Uga_6C9F82B9,?,?,?
ID_TS_Eng_Uga_40066FF2,,,
ID_TS_Eng_Uga_D865D69A,,,
ID_TS_Eng_Uga_4D57D880,,,
ID_TS_Eng_Uga_32FFE294,,,
ID_TS_Eng_Uga_FFD6F232,,,
ID_TS_Eng_Uga_627B41A1,,,
ID_TS_Eng_Uga_DA743152,,,
ID_TS_Eng_Uga_7BB38605,.,.,.
ID_TS_Eng_Uga_1B4DA0FE,,,
ID_TS_Eng_Uga_3CB98350,.,.,.
ID_TS_Eng_Uga_61A11729,,,
ID_TS_Eng_Uga_92698698,?,?,?
ID_TS_Eng_Uga_5BE4BF51,,,
ID_TS_Eng_Uga_9326DFFD,?,?,?
ID_TS_Eng_Uga_FE2110D0,,,
ID_TS_Eng_Uga_B303F438,,,
ID_TS_Eng_Uga_4B943E30,,,
ID_TS_Eng_Uga_059DD55D,,,
ID_TS_Eng_Uga_FA5A91CA,,,
ID_TS_Eng_Uga_A881BFD3,?,?,?
ID_TS_Eng_Uga_6553867D,,,
ID_TS_Eng_Uga_0212B554,,,
ID_TS_Eng_Uga_90E0B95F,,,
ID_TS_Eng_Uga_DD750E98,?,?,?
ID_TS_Eng_Uga_AF908E3C,,,
ID_TS_Eng_Uga_C73F6E1B,.,.,.
ID_TS_Eng_Uga_BEA29DFE,,,
ID_TS_Eng_Uga_F93E08D5,,,
ID_TS_Eng_Uga_0C8E29E3,,,
ID_TS_Eng_Uga_E91E314E,,,
ID_TS_Eng_Uga_9B3D74BD,,,
ID_TS_Eng_Uga_BEC39A37,,,
ID_TS_Eng_Uga_7F2984F5,,,
ID_TS_Eng_Uga_D534EE1D,?,?,?
ID_TS_Eng_Uga_E776B886,?,?,?
ID_TS_Eng_Uga_4944051B,,,
ID_TS_Eng_Uga_C696F5E6,,,
ID_TS_Eng_Uga_CC8218DA,,,
ID_TS_Eng_Uga_3AE909FE,,,
ID_TS_Eng_Uga_9B689C88,.,.,.
ID_TS_Eng_Uga_5A31B4CC,?,?,?
ID_TS_Eng_Uga_3810AE66,,,
ID_TS_Eng_Uga_A2F963A3,,,
ID_TS_Eng_Uga_30AC7D7B,,,
ID_TS_Eng_Uga_9EF2B93E,,,
ID_TS_Eng_Uga_402913EC,,,
ID_TS_Eng_Uga_AD81F8BD,,,
ID_TS_Eng_Uga_C16D83ED,,,
ID_TS_Eng_Uga_B88EC318,,,
ID_TS_Eng_Uga_C478F6F1,,,
ID_TS_Eng_Uga_A8C01F05,,,
ID_TS_Eng_Uga_AE4C84FF,,,
ID_TS_Eng_Uga_2303F6C6,,,
ID_TS_Eng_Uga_A0D4DE3D,,,
ID_TS_Eng_Uga_18DFBC3C,,,
ID_TS_Eng_Uga_E7457704,,,
ID_TS_Eng_Uga_A0A11839,,,
ID_TS_Eng_Uga_A5769411,,,
ID_TS_Eng_Uga_0A17991E,,,
ID_TS_Eng_Uga_4F1639A0,,,
ID_TS_Eng_Uga_C9E26074,,,
ID_TS_Eng_Uga_70D9C9F8,.,.,.
ID_TS_Eng_Uga_088A93EC,?,?,?
ID_TS_Eng_Uga_945EF2E4,,,
ID_TS_Eng_Uga_5D678BB1,,,
ID_TS_Eng_Uga_21A4344F,,,
ID_TS_Eng_Uga_1712FB16,,,
ID_TS_Eng_Uga_E8DD5E5A,?,?,?
ID_TS_Eng_Uga_4B8C5BDC,,,
ID_TS_Eng_Uga_53A3DD5A,.,.,.
ID_TS_Eng_Uga_BF5AE7E6,,,
ID_TS_Eng_Uga_6A5E6920,,,
ID_TS_Eng_Uga_2CF6BF75,,,
ID_TS_Eng_Uga_336749B5,,,
ID_TS_Eng_Uga_21D53971,,,
ID_TS_Eng_Uga_8A16A06C,,,
ID_TS_Eng_Uga_E05FB8BC,,,
ID_TS_Eng_Uga_F8B38A8B,),),)
ID_TS_Eng_Uga_5DA8D6D2,,,
ID_TS_Eng_Uga_87E5F0FE,,,
ID_TS_Eng_Uga_E9DA484A,.,.,.
ID_TS_Eng_Uga_45C45A3E,,,
ID_TS_Eng_Uga_D499DA99,,,
ID_TS_Eng_Uga_2A1F955A,?,?,?
ID_TS_Eng_Uga_41C8CA8C,,,
ID_TS_Eng_Uga_E9FF1CAE,,,
ID_TS_Eng_Uga_D31EDF1A,,,
ID_TS_Eng_Uga_F1B64AFE,,,
ID_TS_Eng_Uga_7B5A611A,,,
ID_TS_Eng_Uga_F7A67B94,,,
ID_TS_Eng_Uga_CE7607AD,?,?,?
ID_TS_Eng_Uga_BF1E8366,,,
ID_TS_Eng_Uga_DED255D0,,,
ID_TS_Eng_Uga_56B60AFC,,,
ID_TS_Eng_Uga_CDE22F1C,?,?,?
ID_TS_Eng_Uga_1D7BC313,.,.,.
ID_TS_Eng_Uga_77E490C7,?,?,?
ID_TS_Eng_Uga_F6802CDB,,,
ID_TS_Eng_Uga_1346D1A9,,,
ID_TS_Eng_Uga_2408A6DC,,,
ID_TS_Eng_Uga_C1101266,,,
ID_TS_Eng_Uga_F76C8EDE,,,
ID_TS_Eng_Uga_39C1E262,,,
ID_TS_Eng_Uga_DC322C97,?,?,?
ID_TS_Eng_Uga_AD238D36,.,.,.
ID_TS_Eng_Uga_B966442A,,,
ID_TS_Eng_Uga_ACA5E2FD,,,
ID_TS_Eng_Uga_FADD7EA3,,,
ID_TS_Eng_Uga_65BCC272,.,.,.
ID_TS_Eng_Uga_F79EFD70,,,
ID_TS_Eng_Uga_D882B5C1,.,.,.
ID_TS_Eng_Uga_8EAC0A33,,,
ID_TS_Eng_Uga_171E16CC,,,
ID_TS_Eng_Uga_CA6A2224,,,
ID_TS_Eng_Uga_6502D6A2,,,
ID_TS_Eng_Uga_03902C5D,,,
ID_TS_Eng_Uga_43B38EB4,,,
ID_TS_Eng_Uga_895CCD99,?,?,?
ID_TS_Eng_Uga_1FA382E8,,,
ID_TS_Eng_Uga_746CDB77,,,
ID_TS_Eng_Uga_5E5BA13D,?,?,?
ID_TS_Eng_Uga_AC3E7B0D,,,
ID_TS_Eng_Uga_BFBF397B,,,
ID_TS_Eng_Uga_AC1E86D8,.,.,.
ID_TS_Eng_Uga_431D029F,,,
ID_TS_Eng_Uga_95A5BAFA,,,
ID_TS_Eng_Uga_618AE305,?,?,?
ID_TS_Eng_Uga_D289F0AB,,,
ID_TS_Eng_Uga_A377F6F1,,,
ID_TS_Eng_Uga_1BBC91F7,?,?,?
ID_TS_Eng_Uga_ACC216A0,,,
ID_TS_Eng_Uga_3BDBC09E,,,
ID_TS_Eng_Uga_78B2B549,,,
ID_TS_Eng_Uga_066803EE,,,
ID_TS_Eng_Uga_9E9A9F83,?,?,?
ID_TS_Eng_Uga_E25D36EB,.,.,.
ID_TS_Eng_Uga_F1738856,,,
ID_TS_Eng_Uga_8FB864E4,?,?,?
ID_TS_Eng_Uga_53F8382B,,,
ID_TS_Eng_Uga_EA4E3617,?,?,?
ID_TS_Eng_Uga_9C2E58DE,,,
ID_TS_Eng_Uga_38AB854C,,,
ID_TS_Eng_Uga_A5CC8BF7,.,.,.
ID_TS_Eng_Uga_102EFDE5,,,
ID_TS_Eng_Uga_A2A9D4D8,,,
ID_TS_Eng_Uga_D2E82F38,,,
ID_TS_Eng_Uga_E8CDA0CC,,,
ID_TS_Eng_Uga_B379CB1E,?,?,?
ID_TS_Eng_Uga_4D5C55C7,,,
ID_TS_Eng_Uga_688613DB,,,
ID_TS_Eng_Uga_1DDE7969,.,.,.
ID_TS_Eng_Uga_0B9BD934,?,?,?
ID_TS_Eng_Uga_F23E323D,,,
ID_TS_Eng_Uga_0986BBEB,,,
ID_TS_Eng_Uga_4DEAD645,?,?,?
ID_TS_Eng_Uga_FEF518A6,.,.,.
ID_TS_Eng_Uga_1DBA1267,?,?,?
ID_TS_Eng_Uga_18E19331,,,
ID_TS_Eng_Uga_3C1BDACC,,,
ID_TS_Eng_Uga_899CA782,,,
ID_TS_Eng_Uga_22BAE10E,,,
ID_TS_Eng_Uga_637E4B01,,,
ID_TS_Eng_Uga_7421FF46,,,
ID_TS_Eng_Uga_5EFA9C5B,,,
ID_TS_Eng_Uga_ABA4FC03,,,
ID_TS_Eng_Uga_F30A9E32,.,.,.
ID_TS_Eng_Uga_BE3E6E57,,,
ID_TS_Eng_Uga_F22B5B98,?,?,?
ID_TS_Eng_Uga_8A4A0E2D,,,
ID_TS_Eng_Uga_965BEFDF,,,
ID_TS_Eng_Uga_BE055787,,,
ID_TS_Eng_Uga_BA0266EF,,,
ID_TS_Eng_Uga_E2AA7A5D,,,
ID_TS_Eng_Uga_A7A8F636,,,
ID_TS_Eng_Uga_19597B5A,,,
ID_TS_Eng_Uga_D56CE8EA,,,
ID_TS_Eng_Uga_9D9B6231,,,
ID_TS_Eng_Uga_687A4850,?,?,?
ID_TS_Eng_Uga_F065C817,,,
ID_TS_Eng_Uga_F396EA37,,,
ID_TS_Eng_Uga_479D0CDA,,,
ID_TS_Eng_Uga_08601833,.,.,.
ID_TS_Eng_Uga_5EDB0D3C,?,?,?
ID_TS_Eng_Uga_71818DCF,,,
ID_TS_Eng_Uga_F3579560,,,
ID_TS_Eng_Uga_3C71E0BE,,,
ID_TS_Eng_Uga_DAFEC8A9,.,.,.
ID_TS_Eng_Uga_FB1E143B,,,
ID_TS_Eng_Uga_AF88BDEC,,,
ID_TS_Eng_Uga_8B621D41,,,
ID_TS_Eng_Uga_E6D5901D,?,?,?
ID_TS_Eng_Uga_FA53E34D,,,
ID_TS_Eng_Uga_A5135EA0,,,
ID_TS_Eng_Uga_5BD20C98,,,
ID_TS_Eng_Uga_65EC7ACD,.,.,.
ID_TS_Eng_Uga_46A02A9B,,,
ID_TS_Eng_Uga_30974B2B,,,
ID_TS_Eng_Uga_F7DC67E0,?,?,?
ID_TS_Eng_Uga_1F45DBFD,?,?,?
ID_TS_Eng_Uga_F2F25EEF,,,
ID_TS_Eng_Uga_D918B3E5,,,
ID_TS_Eng_Uga_D2FE2FDE,,,
ID_TS_Eng_Uga_74685B98,?,?,?
ID_TS_Eng_Uga_1777E8CB,,,
ID_TS_Eng_Uga_364C911A,,,
ID_TS_Eng_Uga_A446BE72,.,.,.
ID_TS_Eng_Uga_A3B5CECE,,,
ID_TS_Eng_Uga_98DE8EBB,,,
ID_TS_Eng_Uga_F8999246,,,
ID_TS_Eng_Uga_0577AEA9,?,?,?
ID_TS_Eng_Uga_0CF2B69B,,,
ID_TS_Eng_Uga_C96B5EDB,,,
ID_TS_Eng_Uga_5560DB22,?,?,?
ID_TS_Eng_Uga_3E5A87E3,during puberty,during puberty,during puberty
ID_TS_Eng_Uga_FD235DEF,,,
ID_TS_Eng_Uga_203C8C25,,,
ID_TS_Eng_Uga_C9776598,,,
ID_TS_Eng_Uga_90882EAF,,,
ID_TS_Eng_Uga_11906F50,?,?,?
ID_TS_Eng_Uga_C3E15A85,,,
ID_TS_Eng_Uga_8DE08FC2,,,
ID_TS_Eng_Uga_350843F0,,,
ID_TS_Eng_Uga_961D33BA,.,.,.
ID_TS_Eng_Uga_3748967F,,,
ID_TS_Eng_Uga_D0243D72,,,
ID_TS_Eng_Uga_DEA45C19,,,
ID_TS_Eng_Uga_3BA5CD2F,,,
ID_TS_Eng_Uga_541C7A86,,,
ID_TS_Eng_Uga_C63D04EE,.,.,.
ID_TS_Eng_Uga_25C61C45,?,?,?
ID_TS_Eng_Uga_C9E48E8C,,,
ID_TS_Eng_Uga_E68933A9,,,
ID_TS_Eng_Uga_989240AC,?,?,?
ID_TS_Eng_Uga_46FB7BF3,?,?,?
ID_TS_Eng_Uga_DBC080FD,,,
ID_TS_Eng_Uga_FBE94499,.,.,.
ID_TS_Eng_Uga_250A4578,,,
ID_TS_Eng_Uga_21472A15,.,.,.
ID_TS_Eng_Uga_8A4B8F7C,,,
ID_TS_Eng_Uga_402ADF9C,,,
ID_TS_Eng_Uga_CC6B66E5,,,
ID_TS_Eng_Uga_2CABD7E7,,,
ID_TS_Eng_Uga_1C24220E,,,
ID_TS_Eng_Uga_DDCF8766,,,
ID_TS_Eng_Uga_06998731,,,
ID_TS_Eng_Uga_21BDDB41,,,
ID_TS_Eng_Uga_5BB5C40C,?,?,?
ID_TS_Eng_Uga_CA3C6F5F,.,.,.
ID_TS_Eng_Uga_C9D6A63B,,,
ID_TS_Eng_Uga_3CE915E7,,,
ID_TS_Eng_Uga_96BF10AB,?,?,?
ID_TS_Eng_Uga_52E2AFD9,,,
ID_TS_Eng_Uga_040A3AAE,,,
ID_TS_Eng_Uga_2C9B662E,,,
ID_TS_Eng_Uga_43EF2016,,,
ID_TS_Eng_Uga_0D6A05B3,,,
ID_TS_Eng_Uga_20733F6D,,,
ID_TS_Eng_Uga_BDE13C1B,,,
ID_TS_Eng_Uga_6BC4123E,,,
ID_TS_Eng_Uga_86AD8A8C,?,?,?
ID_TS_Eng_Uga_1D181EE9,,,
ID_TS_Eng_Uga_BEE3EB79,,,
ID_TS_Eng_Uga_104556E5,,,
ID_TS_Eng_Uga_79EB4168,,,
ID_TS_Eng_Uga_72C22A16,,,
ID_TS_Eng_Uga_C72C1FE3,,,
ID_TS_Eng_Uga_5CAE9610,,,
ID_TS_Eng_Uga_83639007,,,
ID_TS_Eng_Uga_97FA7F04,,,
ID_TS_Eng_Uga_1BEAF6AC,,,
ID_TS_Eng_Uga_73B6A09B,,,
ID_TS_Eng_Uga_80FB9296,,,
ID_TS_Eng_Uga_F206C269,,,
ID_TS_Eng_Uga_0B19F88E,,,
ID_TS_Eng_Uga_BA2C98CE,.,.,.
ID_TS_Eng_Uga_C8819065,,,
ID_TS_Eng_Uga_E8A3F341,,,
ID_TS_Eng_Uga_DDF275EB,,,
ID_TS_Eng_Uga_A8ADDF36,,,
ID_TS_Eng_Uga_857DD3B3,,,
ID_TS_Eng_Uga_4D37A539,,,
ID_TS_Eng_Uga_75424646,,,
ID_TS_Eng_Uga_A4B1F991,,,
ID_TS_Eng_Uga_F6CA6B8B,?,?,?
ID_TS_Eng_Uga_07F97D05,,,
ID_TS_Eng_Uga_0F9240E1,,,
ID_TS_Eng_Uga_FFA361BE,,,
ID_TS_Eng_Uga_7A9E8EEF,,,
ID_TS_Eng_Uga_D8E88EBB,,,
ID_TS_Eng_Uga_66D06371,?,?,?
ID_TS_Eng_Uga_6D204496,,,
ID_TS_Eng_Uga_AFA415E5,,,
ID_TS_Eng_Uga_1BA362E7,,,
ID_TS_Eng_Uga_7D824264,,,
ID_TS_Eng_Uga_B65FEEA9,,,
ID_TS_Eng_Uga_718D4D05,,,
ID_TS_Eng_Uga_12D0498D,?,?,?
ID_TS_Eng_Uga_14AEAF5C,.,.,.
ID_TS_Eng_Uga_5275EB94,,,
ID_TS_Eng_Uga_9BB96155,,,
ID_TS_Eng_Uga_10D08D11,,,
ID_TS_Eng_Uga_204E178C,,,
ID_TS_Eng_Uga_466772CE,,,
ID_TS_Eng_Uga_9FD34579,,,
ID_TS_Eng_Uga_A21150F9,,,
ID_TS_Eng_Uga_95DA75C1,,,
ID_TS_Eng_Uga_8C611654,?,?,?
ID_TS_Eng_Uga_B64FA54A,,,
ID_TS_Eng_Uga_533F5A72,,,
ID_TS_Eng_Uga_6182F347,,,
ID_TS_Eng_Uga_FE9FECAA,,,
ID_TS_Eng_Uga_98EEAC2B,,,
ID_TS_Eng_Uga_87D292A6,,,
ID_TS_Eng_Uga_4B7E6B3C,.,.,.
ID_TS_Eng_Uga_7426B193,,,
ID_TS_Eng_Uga_816BCB9F,,,
ID_TS_Eng_Uga_9AFD4015,,,
ID_TS_Eng_Uga_6E218B09,,,
ID_TS_Eng_Uga_1963C26D,,,
ID_TS_Eng_Uga_CB08587D,?,?,?
ID_TS_Eng_Uga_B3A7D0E0,,,
ID_TS_Eng_Uga_1D4A3D81,?,?,?
ID_TS_Eng_Uga_DA509FED,,,
ID_TS_Eng_Uga_A79B44B6,,,
ID_TS_Eng_Uga_A6A27967,,,
ID_TS_Eng_Uga_E0B15ABA,,,
ID_TS_Eng_Uga_C4DABDDB,,,
ID_TS_Eng_Uga_8D244E3E,,,
ID_TS_Eng_Uga_B888F6ED,,,
ID_TS_Eng_Uga_DD90E79E,,,
ID_TS_Eng_Uga_370BC063,,,
ID_TS_Eng_Uga_6E191042,,,
ID_TS_Eng_Uga_73991A47,?,?,?
ID_TS_Eng_Uga_E359EEE1,,,
ID_TS_Eng_Uga_3A7E8E14,,,
ID_TS_Eng_Uga_69EFAFB1,,,
ID_TS_Eng_Uga_56C438E4,,,
ID_TS_Eng_Uga_D3D1BF0F,?,?,?
ID_TS_Eng_Uga_74188109,?,?,?
ID_TS_Eng_Uga_6A7E4C36,,,
ID_TS_Eng_Uga_BAC7E2B9,,,
ID_TS_Eng_Uga_18578BAF,?,?,?
ID_TS_Eng_Uga_50032B35,,,
ID_TS_Eng_Uga_6D4067F4,,,
ID_TS_Eng_Uga_50018B7B,,,
ID_TS_Eng_Uga_AA448259,.,.,.
ID_TS_Eng_Uga_4140752C,,,
ID_TS_Eng_Uga_5FD23109,?,?,?
ID_TS_Eng_Uga_F41EA3AC,,,
ID_TS_Eng_Uga_2713582C,?,?,?
ID_TS_Eng_Uga_AFD380C4,,,
ID_TS_Eng_Uga_EC48BF55,,,
ID_TS_Eng_Uga_112FA612,,,
ID_TS_Eng_Uga_175A81EC,,,
ID_TS_Eng_Uga_D4EF00AA,,,
ID_TS_Eng_Uga_15DA705C,?,?,?
ID_TS_Eng_Uga_17DDED81,?,?,?
ID_TS_Eng_Uga_6E8F75A1,,,
ID_TS_Eng_Uga_18B87245,,,
ID_TS_Eng_Uga_BE9D61EE,,,
ID_TS_Eng_Uga_5F65C8CE,.,.,.
ID_TS_Eng_Uga_CFD01CBD,,,
ID_TS_Eng_Uga_214F3F12,,,
ID_TS_Eng_Uga_8E6E5003,,,
ID_TS_Eng_Uga_0F5AE9D3,,,
ID_TS_Eng_Uga_96229348,,,
ID_TS_Eng_Uga_F4E559E5,,,
ID_TS_Eng_Uga_8FC42092,.,.,.
ID_TS_Eng_Uga_8FCA7B6A,,,
ID_TS_Eng_Uga_5463ADC7,,,
ID_TS_Eng_Uga_AB85FD59,?,?,?
ID_TS_Eng_Uga_692AC139,.,.,.
ID_TS_Eng_Uga_5A856750,,,
ID_TS_Eng_Uga_DFA4BB9F,,,
ID_TS_Eng_Uga_AA53C19C,,,
ID_TS_Eng_Uga_C012A0FF,.,.,.
ID_TS_Eng_Uga_DE3B496F,,,
ID_TS_Eng_Uga_EA74BB18,,,
ID_TS_Eng_Uga_B8976EC5,,,
ID_TS_Eng_Uga_F7E8F8E5,,,
ID_TS_Eng_Uga_49A214AE,?,?,?
ID_TS_Eng_Uga_99B479D4,,,
ID_TS_Eng_Uga_4FFCA6B1,,,
ID_TS_Eng_Uga_5A057C11,.,.,.
ID_TS_Eng_Uga_93F277CC,,,
ID_TS_Eng_Uga_81E5C9F6,,,
ID_TS_Eng_Uga_36760CE5,,,
ID_TS_Eng_Uga_279C658A,,,
ID_TS_Eng_Uga_A81FDEC3,,,
ID_TS_Eng_Uga_7B70C3B8,,,
ID_TS_Eng_Uga_39681C81,,,
ID_TS_Eng_Uga_D8E7012F,,,
ID_TS_Eng_Uga_1BB43332,,,
ID_TS_Eng_Uga_59A1120E,,,
ID_TS_Eng_Uga_D86A6460,?,?,?
ID_TS_Eng_Uga_8E676A01,,,
ID_TS_Eng_Uga_5E187B24,,,
ID_TS_Eng_Uga_1D691FBA,.,.,.
ID_TS_Eng_Uga_C33A1F6C,,,
ID_TS_Eng_Uga_92F837D4,?,?,?
ID_TS_Eng_Uga_39E58FF0,,,
ID_TS_Eng_Uga_CEA60F4C,,,
ID_TS_Eng_Uga_D85C16BD,?,?,?
ID_TS_Eng_Uga_8F9B72AE,,,
ID_TS_Eng_Uga_F97BE2DD,cycle,cycle,cycle
ID_TS_Eng_Uga_C4767556,.,.,.
ID_TS_Eng_Uga_D1846C39,,,
ID_TS_Lug_Uga_9F294A8B,,,
ID_TS_Lug_Uga_9D132363,,,
ID_TS_Lug_Uga_ACCB461A,,,
ID_TS_Lug_Uga_A487EEAB,,,
ID_TS_Lug_Uga_8E867F3C,?,?,?
ID_TS_Lug_Uga_06B89231,,,
ID_TS_Lug_Uga_9BE71737,,,
ID_TS_Lug_Uga_EDD877C8,,,
ID_TS_Lug_Uga_A867A096,?,?,?
ID_TS_Lug_Uga_D4578AD9,,,
ID_TS_Lug_Uga_B18753E6,?,?,?
ID_TS_Lug_Uga_44777442,,,
ID_TS_Lug_Uga_076979D6,,,
ID_TS_Lug_Uga_2E2FBF77,?,?,?
ID_TS_Lug_Uga_45F50C52,,,
ID_TS_Lug_Uga_B3E4110A,?,?,?
ID_TS_Lug_Uga_C32D4526,?,?,?
ID_TS_Lug_Uga_4F199EC0,,,
ID_TS_Lug_Uga_EBE9E207,?,?,?
ID_TS_Lug_Uga_56FEBFB9,?,?,?
ID_TS_Lug_Uga_59DCABD0,?,?,?
ID_TS_Lug_Uga_01902620,.,.,.
ID_TS_Lug_Uga_2E709838,bwe,bwe,bwe
ID_TS_Lug_Uga_DEAF528D,,,
ID_TS_Lug_Uga_24AC2130,,,
ID_TS_Lug_Uga_90FA6B57,,,
ID_TS_Lug_Uga_A847BCE7,,,
ID_TS_Lug_Uga_6699CD99,?,?,?
ID_TS_Lug_Uga_11D059B2,,,
ID_TS_Lug_Uga_2451E5A4,?,?,?
ID_TS_Lug_Uga_BDB025FF,,,
ID_TS_Lug_Uga_A2178F84,,,
ID_TS_Lug_Uga_F8C88FAE,?,?,?
ID_TS_Lug_Uga_07D924CE,?,?,?
ID_TS_Lug_Uga_177D6E7E,?,?,?
ID_TS_Lug_Uga_BF012E32,,,
ID_TS_Lug_Uga_87CDB6A1,,,
ID_TS_Lug_Uga_3712F2D1,,,
ID_TS_Lug_Uga_604E46CB,,,
ID_TS_Lug_Uga_6B7A2460,?,?,?
ID_TS_Lug_Uga_74222167,?,?,?
ID_TS_Lug_Uga_5744F596,,,
ID_TS_Lug_Uga_284BF962,?,?,?
ID_TS_Lug_Uga_5EBBCCA5,?,?,?
ID_TS_Lug_Uga_4FC77768,,,
ID_TS_Lug_Uga_B8BA8368,,,
ID_TS_Lug_Uga_530AC1C7,.,.,.
ID_TS_Lug_Uga_C6DEB2F0,?,?,?
ID_TS_Lug_Uga_F10013A7,,,
ID_TS_Lug_Uga_914DCFAE,,,
ID_TS_Lug_Uga_98A21F1C,?,?,?
ID_TS_Lug_Uga_15BFBE97,?,?,?
ID_TS_Lug_Uga_E222B6A6,,,
ID_TS_Lug_Uga_0D77C5A0,,,
ID_TS_Lug_Uga_27D415B6,?,?,?
ID_TS_Lug_Uga_284C03D2,.,.,.
ID_TS_Lug_Uga_C122B5B3,,,
ID_TS_Lug_Uga_9E2AA4AC,?,?,?
ID_TS_Lug_Uga_0CBD3C03,?,?,?
ID_TS_Lug_Uga_AC8936BC,?,?,?
ID_TS_Lug_Uga_14E286E5,,,
ID_TS_Lug_Uga_45A88829,?,?,?
ID_TS_Lug_Uga_716FDA0A,?,?,?
ID_TS_Lug_Uga_A974D079,?,?,?
ID_TS_Lug_Uga_6C8C3B6A,?,?,?
ID_TS_Lug_Uga_7C54535F,,,
ID_TS_Lug_Uga_9B69554D,,,
ID_TS_Lug_Uga_7129CEC7,,,
ID_TS_Lug_Uga_6A07F213,?,?,?
ID_TS_Lug_Uga_45EE432D,?,?,?
ID_TS_Lug_Uga_372F871A,,,
ID_TS_Lug_Uga_C143F426,?,?,?
ID_TS_Lug_Uga_832920B7,,,
ID_TS_Lug_Uga_1D2324E6,?,?,?
ID_TS_Lug_Uga_585D3F86,.,.,.
ID_TS_Lug_Uga_6E0ED1E8,o,o,o
ID_TS_Lug_Uga_1C6345AB,?,?,?
ID_TS_Lug_Uga_4882D73C,?,?,?
ID_TS_Lug_Uga_AD9FB00D,.,.,.
ID_TS_Lug_Uga_ADB14670,?,?,?
ID_TS_Lug_Uga_97D7A560,,,
ID_TS_Lug_Uga_7C93F6CC,?,?,?
ID_TS_Lug_Uga_86E52753,’,’,’
ID_TS_Lug_Uga_AAC93316,?,?,?
ID_TS_Lug_Uga_4EF492C1,?,?,?
ID_TS_Lug_Uga_0BA078E8,,,
ID_TS_Lug_Uga_3873E57F,,,
ID_TS_Lug_Uga_652FFB49,,,
ID_TS_Lug_Uga_FC04A168,,,
ID_TS_Lug_Uga_996D5C50,?,?,?
ID_TS_Lug_Uga_0E0630CD,?,?,?
ID_TS_Lug_Uga_01F7C7EC,,,
ID_TS_Lug_Uga_345512F7,,,
ID_TS_Lug_Uga_4D29D1AB,?,?,?
ID_TS_Lug_Uga_F200C261,?,?,?
ID_TS_Lug_Uga_36136E15,,,
ID_TS_Lug_Uga_C47104C0,,,
ID_TS_Lug_Uga_2321D1E1,?,?,?
ID_TS_Lug_Uga_C3A00C6F,.,.,.
ID_TS_Lug_Uga_4169B9FC,,,
ID_TS_Lug_Uga_4A193501,?,?,?
ID_TS_Lug_Uga_53FFD3A2,?,?,?
ID_TS_Lug_Uga_1EB74B56,?,?,?
ID_TS_Lug_Uga_01FA964E,,,
ID_TS_Lug_Uga_7F54A511,.,.,.
ID_TS_Lug_Uga_BF3C5140,,,
ID_TS_Lug_Uga_6E3F683A,?,?,?
ID_TS_Lug_Uga_2CFA55B0,,,
ID_TS_Lug_Uga_2112507C,,,
ID_TS_Lug_Uga_61554667,,,
ID_TS_Lug_Uga_88575117,,,
ID_TS_Lug_Uga_B423CCDE,?,?,?
ID_TS_Lug_Uga_3AE88926,,,
ID_TS_Lug_Uga_8011316B,,,
ID_TS_Lug_Uga_8F0881EE,,,
ID_TS_Lug_Uga_D556B37D,,,
ID_TS_Lug_Uga_AB05347F,,,
ID_TS_Lug_Uga_CE6322B6,,,
ID_TS_Lug_Uga_5AAAB32F,?,?,?
ID_TS_Lug_Uga_12738A23,bwe,bwe,bwe
ID_TS_Lug_Uga_65A674C2,?,?,?
ID_TS_Lug_Uga_DC9C96DE,?,?,?
ID_TS_Lug_Uga_BDF66BA5,?,?,?
ID_TS_Lug_Uga_0AD45230,.,.,.
ID_TS_Lug_Uga_6FAC1673,,,
ID_TS_Lug_Uga_04CC3EDE,,,
ID_TS_Lug_Uga_75B27455,,,
ID_TS_Lug_Uga_EBD14D2C,?,?,?
ID_TS_Lug_Uga_13EECDC6,?,?,?
ID_TS_Lug_Uga_DCB33DF3,,,
ID_TS_Lug_Uga_5024BDC6,?,?,?
ID_TS_Lug_Uga_9364F3D0,,,
ID_TS_Lug_Uga_6DE59332,,,
ID_TS_Lug_Uga_92CA525A,,,
ID_TS_Lug_Uga_67884209,,,
ID_TS_Lug_Uga_B5A1B949,.,.,.
ID_TS_Lug_Uga_A3E05309,,,
ID_TS_Lug_Uga_6AEDFDC7,,,
ID_TS_Lug_Uga_4A1DAB32,,,
ID_TS_Lug_Uga_1D7C0098,,,
ID_TS_Lug_Uga_67B03283,?,?,?
ID_TS_Lug_Uga_0556DAEA,,,
ID_TS_Lug_Uga_F758DCE2,?,?,?
ID_TS_Lug_Uga_532401FC,a,a,a
ID_TS_Lug_Uga_2BFFE17B,?,?,?
ID_TS_Lug_Uga_CD2372C2,?,?,?
ID_TS_Lug_Uga_F296D9F0,?,?,?
ID_TS_Lug_Uga_9E3D750D,,,
ID_TS_Lug_Uga_75C8E90D,?,?,?
ID_TS_Lug_Uga_D4FFA666,,,
ID_TS_Lug_Uga_B08A4895,,,
ID_TS_Lug_Uga_EB7607C9,,,
ID_TS_Lug_Uga_5CA260C9,?,?,?
ID_TS_Lug_Uga_168FAE12,?,?,?
ID_TS_Lug_Uga_6FCC57DD,,,
ID_TS_Lug_Uga_D8302081,?,?,?
ID_TS_Lug_Uga_1B19D8B8,?,?,?
ID_TS_Lug_Uga_3E49FD09,?,?,?
ID_TS_Lug_Uga_6F887F28,,,
ID_TS_Lug_Uga_96C044D0,a,a,a
ID_TS_Lug_Uga_6683E107,,,
ID_TS_Lug_Uga_862268D1,?,?,?
ID_TS_Lug_Uga_1422373F,,,
ID_TS_Lug_Uga_6550F74A,,,
ID_TS_Lug_Uga_DEDAB027,,,
ID_TS_Lug_Uga_4F6E274B,,,
ID_TS_Lug_Uga_BEED10B6,?,?,?
ID_TS_Lug_Uga_56EA57B3,,,
ID_TS_Lug_Uga_38B8F24E,?,?,?
ID_TS_Lug_Uga_5543FC3C,?,?,?
ID_TS_Lug_Uga_C77444CB,.,.,.
ID_TS_Lug_Uga_2B0ABEDD,,,
ID_TS_Lug_Uga_138D994C,,,
ID_TS_Lug_Uga_82AF085C,?,?,?
ID_TS_Lug_Uga_A21B0307,?,?,?
ID_TS_Lug_Uga_1D30D990,?,?,?
ID_TS_Lug_Uga_87D5B7BE,?,?,?
ID_TS_Lug_Uga_828C37E7,?,?,?
ID_TS_Lug_Uga_31A3AC4D,,,
ID_TS_Lug_Uga_E7EA8D5A,?,?,?
ID_TS_Lug_Uga_C6B6E4AD,,,
ID_TS_Lug_Uga_5970A859,a,a,a
ID_TS_Lug_Uga_59E1AC09,?,?,?
ID_TS_Lug_Uga_BA35844E,?,?,?
ID_TS_Lug_Uga_F54E2019,,,
ID_TS_Lug_Uga_D1A69D87,?,?,?
ID_TS_Lug_Uga_A53BC024,?,?,?
ID_TS_Lug_Uga_D0A643FE,,,
ID_TS_Lug_Uga_25CF0041,,,
ID_TS_Lug_Uga_3C7C1D85,,,
ID_TS_Lug_Uga_1A5165CA,,,
ID_TS_Lug_Uga_257D5E52,,,
ID_TS_Lug_Uga_4187222B,?,?,?
ID_TS_Lug_Uga_328067A1,?,?,?
ID_TS_Lug_Uga_2C6A6E9A,,,
ID_TS_Lug_Uga_9A36D1EC,?,?,?
ID_TS_Lug_Uga_2722796E,,,
ID_TS_Lug_Uga_C29D782B,?,?,?
ID_TS_Lug_Uga_C257CF73,.,.,.
ID_TS_Lug_Uga_A7CF705C,,,
ID_TS_Lug_Uga_134A5A2F,,,
ID_TS_Lug_Uga_2D5972C6,?,?,?
ID_TS_Lug_Uga_F387E1BD,?,?,?
ID_TS_Lug_Uga_C5D95F51,,,
ID_TS_Lug_Uga_A0C14035,,,
ID_TS_Lug_Uga_7E7E7419,,,
ID_TS_Lug_Uga_76C5A0DC,,,
ID_TS_Lug_Uga_C1235C91,,,
ID_TS_Lug_Uga_9050F7EF,,,
ID_TS_Lug_Uga_C2874F06,,,
ID_TS_Lug_Uga_9458054E,,,
ID_TS_Lug_Uga_72EB7474,,,
ID_TS_Lug_Uga_AE5EC365,?,?,?
ID_TS_Lug_Uga_EC955F87,?,?,?
ID_TS_Lug_Uga_E1CDE87F,,,
ID_TS_Lug_Uga_9082889B,,,
ID_TS_Lug_Uga_A49B1CD9,,,
ID_TS_Lug_Uga_A2A2E91F,,,
ID_TS_Lug_Uga_FC8D5B93,,,
ID_TS_Lug_Uga_9FE0A8C7,?,?,?
ID_TS_Lug_Uga_52BDC661,?,?,?
ID_TS_Lug_Uga_DD3F487E,?,?,?
ID_TS_Lug_Uga_F891B0C3,. .,. .,. .
ID_TS_Lug_Uga_A09151E0,,,
ID_TS_Lug_Uga_50EE7A92,,,
ID_TS_Lug_Uga_26A524E3,,,
ID_TS_Lug_Uga_70944BDB,?,?,?
ID_TS_Lug_Uga_117B355B,?,?,?
ID_TS_Lug_Uga_780B3657,,,
ID_TS_Lug_Uga_71348C2A,,,
ID_TS_Lug_Uga_A1A27485,.,.,.
ID_TS_Lug_Uga_4D85A3D2,?,?,?
ID_TS_Lug_Uga_CBDC4318,,,
ID_TS_Lug_Uga_46510367,okuba n',okuba n',okuba n'
ID_TS_Lug_Uga_97674900,?,?,?
ID_TS_Lug_Uga_0E614BCD,?,?,?
ID_TS_Lug_Uga_5A18E2A3,,,
ID_TS_Lug_Uga_81E0D489,.,.,.
ID_TS_Lug_Uga_12FE28BF,?,?,?
ID_TS_Lug_Uga_4F76E388,,,
ID_TS_Lug_Uga_7634C169,,,
ID_TS_Lug_Uga_73B0A091,,,
ID_TS_Lug_Uga_09A0A0F6,?,?,?
ID_TS_Lug_Uga_0E9058B6,,,
ID_TS_Lug_Uga_5E659654,,,
ID_TS_Lug_Uga_D4EA120A,?,?,?
ID_TS_Lug_Uga_497DE16D,,,
ID_TS_Lug_Uga_13A4A492,?,?,?
ID_TS_Lug_Uga_A508DC95,,,
ID_TS_Lug_Uga_DD3F7D7E,,,
ID_TS_Lug_Uga_FA34D2E8,?,?,?
ID_TS_Lug_Uga_DAF481A7,?,?,?
ID_TS_Lug_Uga_171DABF9,?,?,?
ID_TS_Lug_Uga_9D713084,.,.,.
ID_TS_Lug_Uga_98159D6C,,,
ID_TS_Lug_Uga_81CF3252,?,?,?
ID_TS_Lug_Uga_626D719D,,,
ID_TS_Lug_Uga_7674456F,?,?,?
ID_TS_Lug_Uga_949077C2,,,
ID_TS_Lug_Uga_8DE7AD6C,?,?,?
ID_TS_Lug_Uga_F4488385,,,
ID_TS_Lug_Uga_CAB4923B,,,
ID_TS_Lug_Uga_BD29EDE9,,,
ID_TS_Lug_Uga_E5582E16,,,
ID_TS_Lug_Uga_0A8076EC,,,
ID_TS_Lug_Uga_7321BF6B,a,a,a
ID_TS_Lug_Uga_E8B77F7B,?,?,?
ID_TS_Lug_Uga_CF501889,?,?,?
ID_TS_Lug_Uga_925817B7,?,?,?
ID_TS_Lug_Uga_A6DED1D8,,,
ID_TS_Lug_Uga_30307633,,,
ID_TS_Lug_Uga_524F93FF,?,?,?
ID_TS_Lug_Uga_9AE1A991,,,
ID_TS_Lug_Uga_79C2D2E4,?,?,?
ID_TS_Lug_Uga_80599B93,,,
ID_TS_Lug_Uga_269ED4C9,,,
ID_TS_Lug_Uga_F52D4AF2,,,
ID_TS_Lug_Uga_0FD6F47E,,,
ID_TS_Lug_Uga_73557B9D,?,?,?
ID_TS_Lug_Uga_1A7F195B,.,.,.
ID_TS_Lug_Uga_CF9B8558,?,?,?
ID_TS_Lug_Uga_E62D2D06,,,
ID_TS_Lug_Uga_D65E59DD,,,
ID_TS_Lug_Uga_57EB89B1,?,?,?
ID_TS_Lug_Uga_FB7D9F1C,.,.,.
ID_TS_Lug_Uga_B6DD6257,?,?,?
ID_TS_Lug_Uga_15969802,,,
ID_TS_Lug_Uga_812A1F9B,,,
ID_TS_Lug_Uga_A56895C6,,,
ID_TS_Lug_Uga_2C2CD22B,,,
ID_TS_Lug_Uga_0A0537F0,?,?,?
ID_TS_Lug_Uga_3F6C21F7,?,?,?
ID_TS_Lug_Uga_B526B22D,.,.,.
ID_TS_Lug_Uga_7010ED13,?,?,?
ID_TS_Lug_Uga_FDB1429E,,,
ID_TS_Lug_Uga_707DF251,?,?,?
ID_TS_Lug_Uga_86295B5D,?,?,?
ID_TS_Lug_Uga_85D2D0A6,o,o,o
ID_TS_Lug_Uga_9C1C3517,?,?,?
ID_TS_Lug_Uga_28A39779,,,
ID_TS_Lug_Uga_5D286AA4,,,
ID_TS_Lug_Uga_5F733A3E,,,
ID_TS_Lug_Uga_EAFDE7D9,?,?,?
ID_TS_Lug_Uga_486BB6BF,?,?,?
ID_TS_Lug_Uga_632DBB5E,,,
ID_TS_Lug_Uga_68A51C68,?,?,?
ID_TS_Lug_Uga_C6435300,,,
ID_TS_Lug_Uga_569F3AB3,?,?,?
ID_TS_Lug_Uga_ADCC3DAF,,,
ID_TS_Lug_Uga_990F0C5B,?,?,?
ID_TS_Lug_Uga_0D67D38E,,,
ID_TS_Lug_Uga_CA0AC6AC,,,
ID_TS_Lug_Uga_A181C85E,,,
ID_TS_Lug_Uga_A5B5CDC2,,,
ID_TS_Lug_Uga_55AB946D,,,
ID_TS_Lug_Uga_10DF9974,.,.,.
ID_TS_Lug_Uga_54669D19,?,?,?
ID_TS_Lug_Uga_18318AA3,,,
ID_TS_Lug_Uga_8ED6AD5E,?,?,?
ID_TS_Lug_Uga_ADAA44CA,,,
ID_TS_Lug_Uga_62F5DF2B,,,
ID_TS_Lug_Uga_48BDDB3E,?,?,?
ID_TS_Lug_Uga_4082CBB9,?,?,?
ID_TS_Lug_Uga_B9469BCF,?,?,?
ID_TS_Lug_Uga_DA003F16,,,
ID_TS_Lug_Uga_A8149562,.,.,.
ID_TS_Lug_Uga_F6E39356,,,
ID_TS_Lug_Uga_E806133C,?,?,?
ID_TS_Lug_Uga_9A4A99B2,?,?,?
ID_TS_Lug_Uga_DF8F4197,.,.,.
ID_TS_Lug_Uga_267EDDCE,?,?,?
ID_TS_Lug_Uga_555736F8,?,?,?
ID_TS_Lug_Uga_14DD5061,,,
ID_TS_Lug_Uga_952E6ABB,,,
ID_TS_Lug_Uga_A9E27BA9,,,
ID_TS_Lug_Uga_2434A678,,,
ID_TS_Lug_Uga_EAAFE543,?,?,?
ID_TS_Lug_Uga_598DDAEC,,,
ID_TS_Lug_Uga_4F6B58C8,,,
ID_TS_Lug_Uga_F7BAF55E,,,
ID_TS_Lug_Uga_A7F333B3,?,?,?
ID_TS_Lug_Uga_B2CF952D,.,.,.
ID_TS_Lug_Uga_A981B098,,,
ID_TS_Lug_Uga_64575BC4,?,?,?
ID_TS_Lug_Uga_2102F9C9,,,
ID_TS_Lug_Uga_98549F22,.,.,.
ID_TS_Lug_Uga_B576255E,,,
ID_TS_Lug_Uga_F020E992,,,
ID_TS_Lug_Uga_15B02530,,,
ID_TS_Lug_Uga_4F40C22F,,,
ID_TS_Lug_Uga_8F158449,?,?,?
ID_TS_Lug_Uga_606E0E1C,,,
ID_TS_Lug_Uga_A4BBF962,?,?,?
ID_TS_Lug_Uga_CAAA5BBE,,,
ID_TS_Lug_Uga_54170A17,.,.,.
ID_TS_Lug_Uga_D02CE0C1,?,?,?
ID_TS_Lug_Uga_20B71785,,,
ID_TS_Lug_Uga_AB8CBF97,?,?,?
ID_TS_Lug_Uga_B3ECB951,,,
ID_TS_Lug_Uga_D436A7A8,,,
ID_TS_Lug_Uga_F275B5F3,?,?,?
ID_TS_Lug_Uga_BD20563B,?,?,?
ID_TS_Lug_Uga_FF4625AF,,,
ID_TS_Lug_Uga_AF77520E,.,.,.
ID_TS_Lug_Uga_E99630F7,?,?,?
ID_TS_Lug_Uga_86C1B6CB,,,
ID_TS_Lug_Uga_17EC889C,,,
ID_TS_Lug_Uga_A561E1E9,?,?,?
ID_TS_Lug_Uga_ABA301CB,,,
ID_TS_Lug_Uga_6C645C15,?,?,?
ID_TS_Lug_Uga_822C4D32,,,
ID_TS_Lug_Uga_5CA0C428,,,
ID_TS_Lug_Uga_04AAC1B7,.,.,.
ID_TS_Lug_Uga_5CD33369,?,?,?
ID_TS_Swa_Ken_4F11D8DC,?,?,?
ID_TS_Swa_Ken_2E25B5EE,?,?,?
ID_TS_Swa_Ken_F37FD50D,,,
ID_TS_Swa_Ken_36D55494,?,?,?
ID_TS_Swa_Ken_577BC55A,?,?,?
ID_TS_Swa_Ken_F29A6339,?,?,?
ID_TS_Swa_Ken_C422D03E,,,
ID_TS_Swa_Ken_7C7C404E,?,?,?
ID_TS_Swa_Ken_31274148,?,?,?
ID_TS_Swa_Ken_39FEB99C,?,?,?
ID_TS_Swa_Ken_FFFE77C8,?,?,?
ID_TS_Swa_Ken_23377BBC,,,
ID_TS_Swa_Ken_27AA7CBC,?,?,?
ID_TS_Swa_Ken_13C11754,?,?,?
ID_TS_Swa_Ken_4BB907EC,?,?,?
ID_TS_Swa_Ken_D82C7565,?,?,?
ID_TS_Swa_Ken_C9C23E69,.,.,.
ID_TS_Swa_Ken_19E45C6A,?,?,?
ID_TS_Swa_Ken_81F7F3FB,,,
ID_TS_Swa_Ken_C5580BB2,?,?,?
ID_TS_Swa_Ken_8A2E6A93,,,
ID_TS_Swa_Ken_D5CA69AB,?,?,?
ID_TS_Swa_Ken_BD17C5E8,?,?,?
ID_TS_Swa_Ken_E238FE93,?,?,?
ID_TS_Swa_Ken_86CAC6F4,.,.,.
ID_TS_Swa_Ken_09A9D1C1,?,?,?
ID_TS_Swa_Ken_A97431DB,?,?,?
ID_TS_Swa_Ken_56363094,ya zinaa,ya zinaa,ya zinaa
ID_TS_Swa_Ken_E05B46C5,?,?,?
ID_TS_Swa_Ken_C42CBC39,.,.,.
ID_TS_Swa_Ken_9E374F7A,?,?,?
ID_TS_Swa_Ken_218C6E1C,ngono,ngono,ngono
ID_TS_Swa_Ken_98E52499,?,?,?
ID_TS_Swa_Ken_6070B6A1,?,?,?
ID_TS_Swa_Ken_277D1BE9,ngono,ngono,ngono
ID_TS_Swa_Ken_29890880,,,
ID_TS_Swa_Ken_2E4BEBC4,?,?,?
ID_TS_Swa_Ken_D4D30795,?,?,?
ID_TS_Swa_Ken_B15E54F6,,,
ID_TS_Swa_Ken_C566AA81,?,?,?
ID_TS_Swa_Ken_9FEEFDFF,?,?,?
ID_TS_Swa_Ken_CF1D7D3A,?,?,?
ID_TS_Swa_Ken_E7147668,?,?,?
ID_TS_Swa_Ken_2A60C652,?,?,?
ID_TS_Swa_Ken_B89F72F3,?,?,?
ID_TS_Swa_Ken_700B5D5F,a,a,a
ID_TS_Swa_Ken_0B2F6D5C,?,?,?
ID_TS_Swa_Ken_692E07B6,?,?,?
ID_TS_Swa_Ken_5D42B9E9,?,?,?
ID_TS_Swa_Ken_AD261EC5,,,
ID_TS_Swa_Ken_B836C448,?,?,?
ID_TS_Swa_Ken_3CCEC76C,,,
ID_TS_Swa_Ken_F836F571,?,?,?
ID_TS_Swa_Ken_71B701AA,?,?,?
ID_TS_Swa_Ken_9C4FFB46,?,?,?
ID_TS_Swa_Ken_48F1096D,?,?,?
ID_TS_Swa_Ken_C09CB506,?,?,?
ID_TS_Swa_Ken_BFA016C2,?,?,?
ID_TS_Swa_Ken_C8A723E9,,,
ID_TS_Swa_Ken_72ECF16E,.,.,.
ID_TS_Swa_Ken_3BE79DF4,?,?,?
ID_TS_Swa_Ken_88B4F474,,,
ID_TS_Swa_Ken_3D3A2582,,,
ID_TS_Swa_Ken_4F3949A8,.,.,.
ID_TS_Swa_Ken_F7315749,?,?,?
ID_TS_Swa_Ken_CF01F944,?,?,?
ID_TS_Swa_Ken_C8CC7CFE,?,?,?
ID_TS_Swa_Ken_78116802,?,?,?
ID_TS_Swa_Ken_E76ADCA9,,,
ID_TS_Swa_Ken_D5C9FDC7,,,
ID_TS_Swa_Ken_31AB0B56,?,?,?
ID_TS_Swa_Ken_5E2AD32D,?,?,?
ID_TS_Swa_Ken_ADA58417,.,.,.
ID_TS_Swa_Ken_F2771F63,.,.,.
ID_TS_Swa_Ken_92070158,?,?,?
ID_TS_Swa_Ken_FC043F08,?,?,?
ID_TS_Swa_Ken_70CAFDD8,?,?,?
ID_TS_Swa_Ken_7630A8A7,?,?,?
ID_TS_Swa_Ken_C4F9ECCD,?,?,?
ID_TS_Swa_Ken_48223120,,,
ID_TS_Swa_Ken_C7332304,?,?,?
ID_TS_Swa_Ken_61C2645A,?,?,?
ID_TS_Swa_Ken_80BE7E35,?,?,?
ID_TS_Swa_Ken_87079AD4,?,?,?
ID_TS_Swa_Ken_6B2D5B09,?,?,?
ID_TS_Swa_Ken_F75D599F,?,?,?
ID_TS_Swa_Ken_297CA4FF,?,?,?
ID_TS_Swa_Ken_D11FC8C0,?,?,?
ID_TS_Swa_Ken_331F63FB,,,
ID_TS_Swa_Ken_CD1F5318,?,?,?
ID_TS_Swa_Ken_9ACB394A,?,?,?
ID_TS_Swa_Ken_236E1608,?,?,?
ID_TS_Swa_Ken_DF7D0DD7,?,?,?
ID_TS_Swa_Ken_400035F0,?,?,?
ID_TS_Swa_Ken_0D5BA7CD,?,?,?
ID_TS_Swa_Ken_A4244F23,?,?,?
ID_TS_Swa_Ken_7B07FD31,?,?,?
ID_TS_Swa_Ken_DFC620CE,.,.,.
ID_TS_Swa_Ken_5F07C1A5,?,?,?
ID_TS_Swa_Ken_8DF661DA,,,
ID_TS_Swa_Ken_EF2DDCC4,?,?,?
ID_TS_Swa_Ken_1A435206,?,?,?
ID_TS_Swa_Ken_B61E5FDB,?,?,?
ID_TS_Swa_Ken_D88C656D,?,?,?
ID_TS_Swa_Ken_8412A335,.,.,.
ID_TS_Swa_Ken_D9E604B3,?,?,?
ID_TS_Swa_Ken_1FEAE1E0,.,.,.
ID_TS_Swa_Ken_48F9E3D0,.,.,.
ID_TS_Swa_Ken_1578D709,?,?,?
ID_TS_Swa_Ken_C35B9FEA,?,?,?
ID_TS_Swa_Ken_290A3ABB,?,?,?
ID_TS_Swa_Ken_45D5A68D,?,?,?
ID_TS_Swa_Ken_73069588,?,?,?
ID_TS_Swa_Ken_E7C225DA,?,?,?
ID_TS_Swa_Ken_836B15C7,?,?,?
ID_TS_Swa_Ken_25B8A42F,?,?,?
ID_TS_Swa_Ken_D4BF7A4B,?,?,?
ID_TS_Swa_Ken_6FFE33B3,?,?,?
ID_TS_Swa_Ken_177A8A5F,?,?,?
ID_TS_Swa_Ken_F24823AB,.,.,.
ID_TS_Swa_Ken_E916DA57,?,?,?
ID_TS_Swa_Ken_38D77B9A,?,?,?
ID_TS_Swa_Ken_D11376E0,.,.,.
ID_TS_Swa_Ken_737D1FB6,?,?,?
ID_TS_Swa_Ken_E27718C5,,,
ID_TS_Swa_Ken_597E6845,.,.,.
ID_TS_Swa_Ken_EE33688D,a,a,a
ID_TS_Swa_Ken_06D3DB93,?,?,?
ID_TS_Swa_Ken_6A36AF18,?,?,?
ID_TS_Swa_Ken_0DA23E5C,.,.,.
ID_TS_Swa_Ken_657E01C9,,,
ID_TS_Swa_Ken_808389C8,,,
ID_TS_Swa_Ken_5FBBF0B1,?,?,?
ID_TS_Swa_Ken_3C5BF3A7,?,?,?
ID_TS_Swa_Ken_62DBC850,?,?,?
ID_TS_Swa_Ken_FE9936A3,?,?,?
ID_TS_Swa_Ken_14E4180C,sahihi,sahihi,sahihi
ID_TS_Swa_Ken_5FFA46EF,?,?,?
ID_TS_Swa_Ken_397B5F51,,,
ID_TS_Swa_Ken_07374C86,?,?,?
ID_TS_Swa_Ken_519554E3,?,?,?
ID_TS_Swa_Ken_EE4A9B5D,?,?,?
ID_TS_Swa_Ken_195D82F8,?,?,?
ID_TS_Swa_Ken_D6D441CC,,,
ID_TS_Swa_Ken_B6F6DBF1,?,?,?
ID_TS_Swa_Ken_A663D2CD,?,?,?
ID_TS_Swa_Ken_55D596AF,?,?,?
ID_TS_Swa_Ken_CA97EBF5,.,.,.
ID_TS_Swa_Ken_25637CC3,?,?,?
ID_TS_Swa_Ken_2339BA19,,,
ID_TS_Swa_Ken_09CE3CFB,?,?,?
ID_TS_Swa_Ken_4970ED9A,.,.,.
ID_TS_Swa_Ken_EADA79A3,?,?,?
ID_TS_Swa_Ken_D46B415D,,,
ID_TS_Swa_Ken_78F2CE6B,?,?,?
ID_TS_Swa_Ken_B231C60B,?,?,?
ID_TS_Swa_Ken_D4C3A832,?,?,?
ID_TS_Swa_Ken_2387EAF6,?,?,?
ID_TS_Swa_Ken_C24369E7,?,?,?
ID_TS_Swa_Ken_B49E04CC,,,
ID_TS_Swa_Ken_781799FF,?,?,?
ID_TS_Swa_Ken_72D78BDD,?,?,?
ID_TS_Swa_Ken_9D8776A0,?,?,?
ID_TS_Swa_Ken_01582463,?,?,?
ID_TS_Swa_Ken_E7E646C7,?,?,?
ID_TS_Swa_Ken_144823F7,?,?,?
ID_TS_Swa_Ken_04DD7054,PEP,PEP,PEP
ID_TS_Swa_Ken_41843B03,?,?,?
ID_TS_Swa_Ken_3735262D,,,
ID_TS_Swa_Ken_D5C0244D,,,
ID_TS_Swa_Ken_2646EAF9,?,?,?
ID_TS_Swa_Ken_8C7E6F42,wa,wa,wa
ID_TS_Swa_Ken_F0B2A5D1,.,.,.
ID_TS_Swa_Ken_BA2C0F19,?,?,?
ID_TS_Swa_Ken_9BDF90F2,.,.,.
ID_TS_Swa_Ken_871C0884,,,
ID_TS_Swa_Ken_6C5A6C93,?,?,?
ID_TS_Swa_Ken_1C76BDF6,?,?,?
ID_TS_Swa_Ken_C6B33FE6,?,?,?
ID_TS_Swa_Ken_49C10669,?,?,?
ID_TS_Swa_Ken_3CD5FD7F,?,?,?
ID_TS_Swa_Ken_4D183EBA,ya ngono,ya ngono,ya ngono
ID_TS_Swa_Ken_1F317405,?,?,?
ID_TS_Swa_Ken_0C394EC7,?,?,?
ID_TS_Swa_Ken_3D0A5F0C,,,
ID_TS_Swa_Ken_6B79AFCC,?,?,?
ID_TS_Swa_Ken_A3925731,ngono,ngono,ngono
ID_TS_Swa_Ken_CB3CF8CA,?,?,?
ID_TS_Swa_Ken_9F708368,?,?,?
ID_TS_Swa_Ken_750565F5,?,?,?
ID_TS_Swa_Ken_10142131,?,?,?
ID_TS_Swa_Ken_1C612EC2,?,?,?
ID_TS_Swa_Ken_D6312A80,,,
ID_TS_Swa_Ken_E7B7B4C6,?,?,?
ID_TS_Swa_Ken_7FF4CEC6,?,?,?
ID_TS_Swa_Ken_98C3E3CA,?,?,?
ID_TS_Swa_Ken_893AD232,?,?,?
ID_TS_Swa_Ken_04351B64,?,?,?
ID_TS_Swa_Ken_A1C7CC8A,?,?,?
ID_TS_Swa_Ken_83EFA9F3,,,
ID_TS_Swa_Ken_93364F7E,?,?,?
ID_TS_Swa_Ken_3DEFA849,a,a,a
ID_TS_Swa_Ken_B7F28572,?,?,?
ID_TS_Swa_Ken_24C173B9,?,?,?
ID_TS_Swa_Ken_4A90CD0C,wa,wa,wa
ID_TS_Swa_Ken_6DE299A1,.,.,.
ID_TS_Swa_Ken_0066853D,.,.,.
ID_TS_Swa_Ken_9D642932,.,.,.
ID_TS_Swa_Ken_5A5226E6,.,.,.
ID_TS_Swa_Ken_3D959E3F,?,?,?
ID_TS_Swa_Ken_92170475,?,?,?
ID_TS_Swa_Ken_6AA42C9F,?,?,?
ID_TS_Swa_Ken_2FF3CDE4,.,.,.
ID_TS_Swa_Ken_AA143CD8,,,
ID_TS_Swa_Ken_AB1021CE,?,?,?
ID_TS_Swa_Ken_15EACBCF,?,?,?
ID_TS_Swa_Ken_8603156A,?,?,?
ID_TS_Swa_Ken_F982F4E0,.,.,.
ID_TS_Swa_Ken_5C508720,?,?,?
ID_TS_Swa_Ken_11536E99,?,?,?
ID_TS_Swa_Ken_F4124360,,,
ID_TS_Swa_Ken_86ABD4E7,?,?,?
ID_TS_Swa_Ken_8B48F496,.,.,.
ID_TS_Swa_Ken_81E03A5E,?,?,?
ID_TS_Swa_Ken_C9525185,?,?,?
ID_TS_Swa_Ken_FD034ADA,?,?,?
ID_TS_Swa_Ken_81F38DD4,?,?,?
ID_TS_Swa_Ken_8DDCE719,?,?,?
ID_TS_Swa_Ken_0534A101,?,?,?
